antecedents,consequents,antecedent support,consequent support,support,confidence,lift,leverage,conviction
frozenset({'JUMBO BAG WOODLAND ANIMALS'}),frozenset({'POSTAGE'}),0.07653061224489796,0.7653061224489796,0.07653061224489796,1.0,1.3066666666666666,0.017961266139108707,inf
"frozenset({'RED TOADSTOOL LED NIGHT LIGHT', 'PLASTERS IN TIN CIRCUS PARADE'})",frozenset({'POSTAGE'}),0.05102040816326531,0.7653061224489796,0.05102040816326531,1.0,1.3066666666666666,0.011974177426072471,inf
"frozenset({'RED TOADSTOOL LED NIGHT LIGHT', 'PLASTERS IN TIN WOODLAND ANIMALS'})",frozenset({'POSTAGE'}),0.05357142857142857,0.7653061224489796,0.05357142857142857,1.0,1.3066666666666666,0.012572886297376094,inf
"frozenset({'SET/20 RED RETROSPOT PAPER NAPKINS', 'SET/6 RED SPOTTY PAPER CUPS'})",frozenset({'SET/6 RED SPOTTY PAPER PLATES'}),0.10204081632653061,0.12755102040816327,0.09948979591836735,0.975,7.643999999999999,0.0864743856726364,34.89795918367344
"frozenset({'SET/20 RED RETROSPOT PAPER NAPKINS', 'SET/6 RED SPOTTY PAPER PLATES'})",frozenset({'SET/6 RED SPOTTY PAPER CUPS'}),0.10204081632653061,0.1377551020408163,0.09948979591836735,0.975,7.077777777777778,0.08543315285297792,34.489795918367314
"frozenset({'SET/20 RED RETROSPOT PAPER NAPKINS', 'POSTAGE', 'SET/6 RED SPOTTY PAPER CUPS'})",frozenset({'SET/6 RED SPOTTY PAPER PLATES'}),0.08418367346938775,0.12755102040816327,0.08163265306122448,0.9696969696969696,7.602424242424242,0.07089493960849645,28.790816326530532
"frozenset({'SET/20 RED RETROSPOT PAPER NAPKINS', 'SET/6 RED SPOTTY PAPER PLATES', 'POSTAGE'})",frozenset({'SET/6 RED SPOTTY PAPER CUPS'}),0.08418367346938775,0.1377551020408163,0.08163265306122448,0.9696969696969696,7.0392817059483725,0.07003592253227821,28.454081632652983
frozenset({'RED RETROSPOT PICNIC BAG'}),frozenset({'POSTAGE'}),0.07142857142857142,0.7653061224489796,0.06887755102040816,0.9642857142857142,1.26,0.014212827988338193,6.571428571428555
frozenset({'SET OF 9 BLACK SKULL BALLOONS'}),frozenset({'POSTAGE'}),0.0663265306122449,0.7653061224489796,0.06377551020408163,0.9615384615384615,1.2564102564102564,0.013015410245730948,6.102040816326518
frozenset({'SET/6 RED SPOTTY PAPER PLATES'}),frozenset({'SET/6 RED SPOTTY PAPER CUPS'}),0.12755102040816327,0.1377551020408163,0.12244897959183673,0.96,6.968888888888889,0.10487817576009996,21.556122448979572
frozenset({'PACK OF 6 SKULL PAPER CUPS'}),frozenset({'POSTAGE'}),0.06377551020408163,0.7653061224489796,0.061224489795918366,0.96,1.2544,0.012416701374427325,5.867346938775506
frozenset({'RETROSPOT PARTY BAG + STICKER SET'}),frozenset({'POSTAGE'}),0.061224489795918366,0.7653061224489796,0.058673469387755105,0.9583333333333334,1.2522222222222223,0.011817992503123702,5.632653061224496
frozenset({'GUMBALL COAT RACK'}),frozenset({'POSTAGE'}),0.058673469387755105,0.7653061224489796,0.05612244897959184,0.9565217391304347,1.249855072463768,0.011219283631820072,5.39795918367346
frozenset({'PACK OF 6 SKULL PAPER PLATES'}),frozenset({'POSTAGE'}),0.05612244897959184,0.7653061224489796,0.05357142857142857,0.9545454545454545,1.2472727272727273,0.010620574760516449,5.163265306122442
"frozenset({'SET/6 RED SPOTTY PAPER PLATES', 'POSTAGE'})",frozenset({'SET/6 RED SPOTTY PAPER CUPS'}),0.10714285714285714,0.1377551020408163,0.10204081632653061,0.9523809523809524,6.913580246913582,0.08728134110787172,18.10714285714288
frozenset({'JAM MAKING SET PRINTED'}),frozenset({'POSTAGE'}),0.05357142857142857,0.7653061224489796,0.05102040816326531,0.9523809523809524,1.2444444444444447,0.010021865889212833,4.928571428571435
frozenset({'TEA PARTY BIRTHDAY CARD'}),frozenset({'POSTAGE'}),0.09438775510204081,0.7653061224489796,0.08928571428571429,0.945945945945946,1.2360360360360363,0.017050187421907545,4.341836734693887
frozenset({'STRAWBERRY LUNCH BOX WITH CUTLERY'}),frozenset({'POSTAGE'}),0.12244897959183673,0.7653061224489796,0.11479591836734694,0.9375,1.225,0.021084964598084135,3.755102040816327
frozenset({'ROUND SNACK BOXES SET OF4 WOODLAND'}),frozenset({'POSTAGE'}),0.15816326530612246,0.7653061224489796,0.14795918367346939,0.9354838709677419,1.2223655913978495,0.026915868388171588,3.637755102040814
frozenset({'CHILDRENS CUTLERY SPACEBOY'}),frozenset({'CHILDRENS CUTLERY DOLLY GIRL'}),0.06887755102040816,0.07142857142857142,0.06377551020408163,0.925925925925926,12.962962962962965,0.05885568513119534,12.535714285714306
frozenset({'ASSORTED COLOUR MINI CASES'}),frozenset({'POSTAGE'}),0.06887755102040816,0.7653061224489796,0.06377551020408163,0.925925925925926,1.2098765432098768,0.011063098708871316,3.1683673469387807
frozenset({'SET OF 2 TEA TOWELS APPLE AND PEARS'}),frozenset({'POSTAGE'}),0.06887755102040816,0.7653061224489796,0.06377551020408163,0.925925925925926,1.2098765432098768,0.011063098708871316,3.1683673469387807
"frozenset({'LUNCH BAG RED RETROSPOT', 'LUNCH BAG APPLE DESIGN'})",frozenset({'POSTAGE'}),0.0663265306122449,0.7653061224489796,0.061224489795918366,0.923076923076923,1.2061538461538461,0.01046438983756768,3.0510204081632635
"frozenset({'STRAWBERRY LUNCH BOX WITH CUTLERY', 'LUNCH BOX WITH CUTLERY RETROSPOT'})",frozenset({'POSTAGE'}),0.06377551020408163,0.7653061224489796,0.058673469387755105,0.92,1.2021333333333335,0.009865680966264063,2.933673469387757
"frozenset({'ROUND SNACK BOXES SET OF 4 FRUITS', 'ROUND SNACK BOXES SET OF4 WOODLAND'})",frozenset({'POSTAGE'}),0.06377551020408163,0.7653061224489796,0.058673469387755105,0.92,1.2021333333333335,0.009865680966264063,2.933673469387757
frozenset({'ALARM CLOCK BAKELIKE RED'}),frozenset({'POSTAGE'}),0.09438775510204081,0.7653061224489796,0.08673469387755102,0.918918918918919,1.200720720720721,0.014499167013744277,2.894557823129254
"frozenset({'ALARM CLOCK BAKELIKE PINK', 'ALARM CLOCK BAKELIKE GREEN', 'POSTAGE'})",frozenset({'ALARM CLOCK BAKELIKE RED'}),0.061224489795918366,0.09438775510204081,0.05612244897959184,0.9166666666666667,9.711711711711713,0.050343606830487296,10.86734693877552
frozenset({'PACK OF 6 SKULL PAPER PLATES'}),frozenset({'PACK OF 6 SKULL PAPER CUPS'}),0.05612244897959184,0.06377551020408163,0.05102040816326531,0.9090909090909091,14.254545454545454,0.047441170345689294,10.298469387755098
frozenset({'CIRCUS PARADE CHILDRENS EGG CUP'}),frozenset({'POSTAGE'}),0.05612244897959184,0.7653061224489796,0.05102040816326531,0.9090909090909091,1.187878787878788,0.008069554352353188,2.581632653061224
frozenset({'PARTY BUNTING'}),frozenset({'POSTAGE'}),0.05612244897959184,0.7653061224489796,0.05102040816326531,0.9090909090909091,1.187878787878788,0.008069554352353188,2.581632653061224
"frozenset({'LUNCH BAG RED RETROSPOT', 'LUNCH BAG WOODLAND'})",frozenset({'POSTAGE'}),0.05612244897959184,0.7653061224489796,0.05102040816326531,0.9090909090909091,1.187878787878788,0.008069554352353188,2.581632653061224
"frozenset({'ALARM CLOCK BAKELIKE RED', 'ALARM CLOCK BAKELIKE GREEN'})",frozenset({'POSTAGE'}),0.07908163265306123,0.7653061224489796,0.07142857142857142,0.9032258064516128,1.1802150537634408,0.010906913785922526,2.425170068027208
frozenset({'WOODLAND CHARLOTTE BAG'}),frozenset({'POSTAGE'}),0.07397959183673469,0.7653061224489796,0.0663265306122449,0.8965517241379312,1.1714942528735635,0.009709496043315294,2.2687074829932006
"frozenset({'ALARM CLOCK BAKELIKE RED', 'ALARM CLOCK BAKELIKE PINK'})",frozenset({'POSTAGE'}),0.07397959183673469,0.7653061224489796,0.0663265306122449,0.8965517241379312,1.1714942528735635,0.009709496043315294,2.2687074829932006
frozenset({'CHILDRENS CUTLERY DOLLY GIRL'}),frozenset({'CHILDRENS CUTLERY SPACEBOY'}),0.07142857142857142,0.06887755102040816,0.06377551020408163,0.8928571428571429,12.962962962962965,0.05885568513119534,8.690476190476195
frozenset({'SET/6 RED SPOTTY PAPER CUPS'}),frozenset({'SET/6 RED SPOTTY PAPER PLATES'}),0.1377551020408163,0.12755102040816327,0.12244897959183673,0.888888888888889,6.968888888888889,0.10487817576009996,7.852040816326535
frozenset({'COFFEE MUG APPLES DESIGN'}),frozenset({'POSTAGE'}),0.06887755102040816,0.7653061224489796,0.061224489795918366,0.888888888888889,1.1614814814814816,0.008512078300708048,2.1122448979591852
frozenset({'CHARLOTTE BAG DOLLY GIRL DESIGN'}),frozenset({'POSTAGE'}),0.0663265306122449,0.7653061224489796,0.058673469387755105,0.8846153846153846,1.1558974358974359,0.007913369429404418,2.0340136054421767
frozenset({'JUMBO BAG APPLES'}),frozenset({'POSTAGE'}),0.0663265306122449,0.7653061224489796,0.058673469387755105,0.8846153846153846,1.1558974358974359,0.007913369429404418,2.0340136054421767
frozenset({'ROUND SNACK BOXES SET OF 4 FRUITS'}),frozenset({'POSTAGE'}),0.10714285714285714,0.7653061224489796,0.09438775510204081,0.8809523809523809,1.1511111111111112,0.012390670553935862,1.9714285714285713
frozenset({'JUMBO BAG SPACEBOY DESIGN'}),frozenset({'POSTAGE'}),0.06377551020408163,0.7653061224489796,0.05612244897959184,0.88,1.1498666666666668,0.007314660558100795,1.9557823129251704
"frozenset({'ALARM CLOCK BAKELIKE RED', 'ALARM CLOCK BAKELIKE PINK', 'ALARM CLOCK BAKELIKE GREEN'})",frozenset({'POSTAGE'}),0.06377551020408163,0.7653061224489796,0.05612244897959184,0.88,1.1498666666666668,0.007314660558100795,1.9557823129251704
frozenset({'PLASTERS IN TIN CIRCUS PARADE'}),frozenset({'POSTAGE'}),0.1683673469387755,0.7653061224489796,0.14795918367346939,0.8787878787878788,1.1482828282828283,0.019106622240733034,1.9362244897959187
frozenset({'RABBIT NIGHT LIGHT'}),frozenset({'POSTAGE'}),0.18877551020408162,0.7653061224489796,0.16581632653061223,0.8783783783783784,1.1477477477477478,0.02134527280299875,1.9297052154195018
frozenset({'ALARM CLOCK BAKELIKE PINK'}),frozenset({'POSTAGE'}),0.10204081632653061,0.7653061224489796,0.08928571428571429,0.875,1.1433333333333333,0.011193252811328616,1.8775510204081636
frozenset({'PAPER BUNTING RETROSPOT'}),frozenset({'POSTAGE'}),0.08163265306122448,0.7653061224489796,0.07142857142857142,0.875,1.1433333333333333,0.008954602249062894,1.8775510204081636
frozenset({'RED TOADSTOOL LED NIGHT LIGHT'}),frozenset({'POSTAGE'}),0.18112244897959184,0.7653061224489796,0.15816326530612246,0.8732394366197184,1.1410328638497653,0.0195491461890879,1.8514739229024955
"frozenset({'POSTAGE', 'SET/6 RED SPOTTY PAPER CUPS'})",frozenset({'SET/6 RED SPOTTY PAPER PLATES'}),0.11734693877551021,0.12755102040816327,0.10204081632653061,0.8695652173913043,6.817391304347826,0.08707309454394002,6.6887755102040805
frozenset({'LUNCH BAG WOODLAND'}),frozenset({'POSTAGE'}),0.11734693877551021,0.7653061224489796,0.10204081632653061,0.8695652173913043,1.136231884057971,0.012234485630987085,1.7993197278911564
frozenset({'ALARM CLOCK BAKELIKE GREEN'}),frozenset({'POSTAGE'}),0.09693877551020408,0.7653061224489796,0.08418367346938775,0.868421052631579,1.1347368421052633,0.00999583506872137,1.7836734693877558
"frozenset({'ALARM CLOCK BAKELIKE PINK', 'ALARM CLOCK BAKELIKE GREEN'})",frozenset({'ALARM CLOCK BAKELIKE RED'}),0.07397959183673469,0.09438775510204081,0.06377551020408163,0.8620689655172414,9.13327120223672,0.05679274260724698,6.565688775510207
"frozenset({'ALARM CLOCK BAKELIKE RED', 'ALARM CLOCK BAKELIKE PINK'})",frozenset({'ALARM CLOCK BAKELIKE GREEN'}),0.07397959183673469,0.09693877551020408,0.06377551020408163,0.8620689655172414,8.892921960072597,0.056604019158683884,6.547193877551024
frozenset({'SET/6 RED SPOTTY PAPER CUPS'}),frozenset({'POSTAGE'}),0.1377551020408163,0.7653061224489796,0.11734693877551021,0.851851851851852,1.1130864197530865,0.011922115785089574,1.5841836734693893
"frozenset({'POSTAGE', 'ALARM CLOCK BAKELIKE GREEN'})",frozenset({'ALARM CLOCK BAKELIKE RED'}),0.08418367346938775,0.09438775510204081,0.07142857142857142,0.8484848484848485,8.98935298935299,0.06348266347355268,5.977040816326531
"frozenset({'ALARM CLOCK BAKELIKE RED', 'ALARM CLOCK BAKELIKE PINK', 'POSTAGE'})",frozenset({'ALARM CLOCK BAKELIKE GREEN'}),0.0663265306122449,0.09693877551020408,0.05612244897959184,0.8461538461538461,8.728744939271255,0.04969283631820075,5.869897959183674
frozenset({'SET OF 9 HEART SHAPED BALLOONS'}),frozenset({'POSTAGE'}),0.0663265306122449,0.7653061224489796,0.05612244897959184,0.8461538461538461,1.1056410256410256,0.00536234902124115,1.5255102040816328
frozenset({'JUMBO BAG RED RETROSPOT'}),frozenset({'POSTAGE'}),0.09693877551020408,0.7653061224489796,0.08163265306122448,0.8421052631578947,1.1003508771929824,0.007444814660558102,1.486394557823129
frozenset({'RED RETROSPOT CHARLOTTE BAG'}),frozenset({'POSTAGE'}),0.09693877551020408,0.7653061224489796,0.08163265306122448,0.8421052631578947,1.1003508771929824,0.007444814660558102,1.486394557823129
frozenset({'SET/6 RED SPOTTY PAPER PLATES'}),frozenset({'POSTAGE'}),0.12755102040816327,0.7653061224489796,0.10714285714285714,0.84,1.0976,0.009527280299875054,1.4668367346938775
"frozenset({'LUNCH BAG SPACEBOY DESIGN', 'LUNCH BAG WOODLAND'})",frozenset({'POSTAGE'}),0.06377551020408163,0.7653061224489796,0.05357142857142857,0.84,1.0976,0.004763640149937527,1.4668367346938775
frozenset({'ALARM CLOCK BAKELIKE RED'}),frozenset({'ALARM CLOCK BAKELIKE GREEN'}),0.09438775510204081,0.09693877551020408,0.07908163265306123,0.8378378378378379,8.642958748221908,0.06993179925031237,5.568877551020412
frozenset({'LUNCH BAG APPLE DESIGN'}),frozenset({'POSTAGE'}),0.125,0.7653061224489796,0.10459183673469388,0.8367346938775511,1.0933333333333335,0.008928571428571438,1.4375000000000007
frozenset({'REGENCY CAKESTAND 3 TIER'}),frozenset({'POSTAGE'}),0.125,0.7653061224489796,0.10459183673469388,0.8367346938775511,1.0933333333333335,0.008928571428571438,1.4375000000000007
frozenset({'PLASTERS IN TIN SPACEBOY'}),frozenset({'POSTAGE'}),0.1377551020408163,0.7653061224489796,0.11479591836734694,0.8333333333333335,1.0888888888888892,0.009371095376926306,1.408163265306124
frozenset({'RED RETROSPOT MINI CASES'}),frozenset({'POSTAGE'}),0.1377551020408163,0.7653061224489796,0.11479591836734694,0.8333333333333335,1.0888888888888892,0.009371095376926306,1.408163265306124
frozenset({'SET/10 RED POLKADOT PARTY CANDLES'}),frozenset({'POSTAGE'}),0.07653061224489796,0.7653061224489796,0.06377551020408163,0.8333333333333334,1.088888888888889,0.00520616409829238,1.408163265306123
"frozenset({'SET/6 RED SPOTTY PAPER PLATES', 'SET/6 RED SPOTTY PAPER CUPS'})",frozenset({'POSTAGE'}),0.12244897959183673,0.7653061224489796,0.10204081632653061,0.8333333333333334,1.088888888888889,0.008329862557267809,1.408163265306123
"frozenset({'PLASTERS IN TIN SPACEBOY', 'PLASTERS IN TIN CIRCUS PARADE'})",frozenset({'POSTAGE'}),0.08928571428571429,0.7653061224489796,0.07397959183673469,0.8285714285714285,1.0826666666666667,0.005648688046647227,1.3690476190476188
"frozenset({'ALARM CLOCK BAKELIKE PINK', 'ALARM CLOCK BAKELIKE GREEN'})",frozenset({'POSTAGE'}),0.07397959183673469,0.7653061224489796,0.061224489795918366,0.8275862068965517,1.0813793103448277,0.0046074552269887575,1.3612244897959185
frozenset({'SET/20 RED RETROSPOT PAPER NAPKINS'}),frozenset({'POSTAGE'}),0.1326530612244898,0.7653061224489796,0.1096938775510204,0.8269230769230769,1.0805128205128205,0.008173677634319032,1.3560090702947845
frozenset({'PACK OF 72 RETROSPOT CAKE CASES'}),frozenset({'POSTAGE'}),0.10204081632653061,0.7653061224489796,0.08418367346938775,0.825,1.078,0.00609121199500208,1.3411078717201166
"frozenset({'PLASTERS IN TIN WOODLAND ANIMALS', 'PLASTERS IN TIN CIRCUS PARADE'})",frozenset({'POSTAGE'}),0.10204081632653061,0.7653061224489796,0.08418367346938775,0.825,1.078,0.00609121199500208,1.3411078717201166
"frozenset({'SET/20 RED RETROSPOT PAPER NAPKINS', 'SET/6 RED SPOTTY PAPER CUPS'})",frozenset({'POSTAGE'}),0.10204081632653061,0.7653061224489796,0.08418367346938775,0.825,1.078,0.00609121199500208,1.3411078717201166
"frozenset({'SET/20 RED RETROSPOT PAPER NAPKINS', 'SET/6 RED SPOTTY PAPER PLATES'})",frozenset({'POSTAGE'}),0.10204081632653061,0.7653061224489796,0.08418367346938775,0.825,1.078,0.00609121199500208,1.3411078717201166
"frozenset({'ALARM CLOCK BAKELIKE RED', 'POSTAGE'})",frozenset({'ALARM CLOCK BAKELIKE GREEN'}),0.08673469387755102,0.09693877551020408,0.07142857142857142,0.8235294117647058,8.495356037151703,0.06302061640982923,5.117346938775509
"frozenset({'SET/20 RED RETROSPOT PAPER NAPKINS', 'SET/6 RED SPOTTY PAPER PLATES', 'SET/6 RED SPOTTY PAPER CUPS'})",frozenset({'POSTAGE'}),0.09948979591836735,0.7653061224489796,0.08163265306122448,0.8205128205128205,1.0721367521367522,0.00549250312369845,1.3075801749271136
frozenset({'ALARM CLOCK BAKELIKE GREEN'}),frozenset({'ALARM CLOCK BAKELIKE RED'}),0.09693877551020408,0.09438775510204081,0.07908163265306123,0.8157894736842106,8.642958748221908,0.06993179925031237,4.916180758017496
"frozenset({'SET/6 RED SPOTTY PAPER PLATES', 'SET/6 RED SPOTTY PAPER CUPS'})",frozenset({'SET/20 RED RETROSPOT PAPER NAPKINS'}),0.12244897959183673,0.1326530612244898,0.09948979591836735,0.8125,6.125,0.08324656393169513,4.625850340136054
frozenset({'CHILDRENS APRON SPACEBOY DESIGN'}),frozenset({'POSTAGE'}),0.0663265306122449,0.7653061224489796,0.05357142857142857,0.8076923076923076,1.0553846153846154,0.002811328613077882,1.2204081632653057
"frozenset({'LUNCH BAG SPACEBOY DESIGN', 'LUNCH BAG RED RETROSPOT'})",frozenset({'POSTAGE'}),0.0663265306122449,0.7653061224489796,0.05357142857142857,0.8076923076923076,1.0553846153846154,0.002811328613077882,1.2204081632653057
"frozenset({'ALARM CLOCK BAKELIKE RED', 'ALARM CLOCK BAKELIKE GREEN'})",frozenset({'ALARM CLOCK BAKELIKE PINK'}),0.07908163265306123,0.10204081632653061,0.06377551020408163,0.8064516129032258,7.903225806451612,0.055705955851728446,4.639455782312924
frozenset({'PLASTERS IN TIN WOODLAND ANIMALS'}),frozenset({'POSTAGE'}),0.17091836734693877,0.7653061224489796,0.1377551020408163,0.8059701492537313,1.053134328358209,0.00695022907122031,1.209576138147567
"frozenset({'PLASTERS IN TIN SPACEBOY', 'PLASTERS IN TIN WOODLAND ANIMALS'})",frozenset({'POSTAGE'}),0.10459183673469388,0.7653061224489796,0.08418367346938775,0.8048780487804877,1.0517073170731708,0.0041389004581424416,1.2028061224489794
frozenset({'LUNCH BOX WITH CUTLERY RETROSPOT'}),frozenset({'POSTAGE'}),0.14285714285714285,0.7653061224489796,0.11479591836734694,0.8035714285714286,1.05,0.005466472303207015,1.1948051948051952
frozenset({'PACK OF 6 SKULL PAPER CUPS'}),frozenset({'PACK OF 6 SKULL PAPER PLATES'}),0.06377551020408163,0.05612244897959184,0.05102040816326531,0.8,14.254545454545456,0.047441170345689294,4.719387755102042
frozenset({'SET/6 RED SPOTTY PAPER PLATES'}),"frozenset({'POSTAGE', 'SET/6 RED SPOTTY PAPER CUPS'})",0.12755102040816327,0.11734693877551021,0.10204081632653061,0.8,6.817391304347826,0.08707309454394002,4.41326530612245
frozenset({'SET/6 RED SPOTTY PAPER PLATES'}),frozenset({'SET/20 RED RETROSPOT PAPER NAPKINS'}),0.12755102040816327,0.1326530612244898,0.10204081632653061,0.8,6.030769230769231,0.08512078300708038,4.336734693877552
"frozenset({'LUNCH BAG SPACEBOY DESIGN', 'LUNCH BAG APPLE DESIGN'})",frozenset({'POSTAGE'}),0.06377551020408163,0.7653061224489796,0.05102040816326531,0.8,1.0453333333333334,0.002212619741774266,1.1734693877551026
"frozenset({'SET/20 RED RETROSPOT PAPER NAPKINS', 'SET/6 RED SPOTTY PAPER CUPS'})","frozenset({'SET/6 RED SPOTTY PAPER PLATES', 'POSTAGE'})",0.10204081632653061,0.10714285714285714,0.08163265306122448,0.7999999999999999,7.466666666666667,0.0706997084548105,4.464285714285713
"frozenset({'SET/20 RED RETROSPOT PAPER NAPKINS', 'SET/6 RED SPOTTY PAPER PLATES'})","frozenset({'POSTAGE', 'SET/6 RED SPOTTY PAPER CUPS'})",0.10204081632653061,0.11734693877551021,0.08163265306122448,0.7999999999999999,6.817391304347825,0.06965847563515201,4.413265306122447
"frozenset({'SET/6 RED SPOTTY PAPER PLATES', 'POSTAGE', 'SET/6 RED SPOTTY PAPER CUPS'})",frozenset({'SET/20 RED RETROSPOT PAPER NAPKINS'}),0.10204081632653061,0.1326530612244898,0.08163265306122448,0.7999999999999999,6.03076923076923,0.0680966264056643,4.336734693877549
frozenset({'LUNCH BAG RED RETROSPOT'}),frozenset({'POSTAGE'}),0.15306122448979592,0.7653061224489796,0.12244897959183673,0.7999999999999999,1.0453333333333332,0.0053102873802582246,1.173469387755102
"frozenset({'ALARM CLOCK BAKELIKE RED', 'POSTAGE', 'ALARM CLOCK BAKELIKE GREEN'})",frozenset({'ALARM CLOCK BAKELIKE PINK'}),0.07142857142857142,0.10204081632653061,0.05612244897959184,0.7857142857142858,7.700000000000001,0.048833819241982504,4.1904761904761925
frozenset({'4 TRADITIONAL SPINNING TOPS'}),frozenset({'POSTAGE'}),0.07142857142857142,0.7653061224489796,0.05612244897959184,0.7857142857142858,1.0266666666666668,0.0014577259475218735,1.095238095238096
frozenset({'SPACEBOY BIRTHDAY CARD'}),frozenset({'POSTAGE'}),0.07142857142857142,0.7653061224489796,0.05612244897959184,0.7857142857142858,1.0266666666666668,0.0014577259475218735,1.095238095238096
"frozenset({'SET/6 RED SPOTTY PAPER PLATES', 'POSTAGE'})",frozenset({'SET/20 RED RETROSPOT PAPER NAPKINS'}),0.10714285714285714,0.1326530612244898,0.08418367346938775,0.7857142857142857,5.9230769230769225,0.06997084548104957,4.0476190476190474
frozenset({'ALARM CLOCK BAKELIKE RED'}),frozenset({'ALARM CLOCK BAKELIKE PINK'}),0.09438775510204081,0.10204081632653061,0.07397959183673469,0.7837837837837838,7.681081081081081,0.0643481882548938,4.153061224489796
frozenset({'PLASTERS IN TIN STRONGMAN'}),frozenset({'POSTAGE'}),0.08163265306122448,0.7653061224489796,0.06377551020408163,0.7812500000000001,1.0208333333333335,0.0013015410245731038,1.072886297376094
frozenset({'MINI PAINT SET VINTAGE'}),frozenset({'POSTAGE'}),0.10459183673469388,0.7653061224489796,0.08163265306122448,0.7804878048780487,1.0198373983739837,0.0015878800499791734,1.0691609977324261
frozenset({'SET/6 RED SPOTTY PAPER PLATES'}),"frozenset({'SET/20 RED RETROSPOT PAPER NAPKINS', 'SET/6 RED SPOTTY PAPER CUPS'})",0.12755102040816327,0.10204081632653061,0.09948979591836735,0.78,7.644,0.0864743856726364,4.081632653061225
frozenset({'CHARLOTTE BAG APPLES DESIGN'}),frozenset({'POSTAGE'}),0.06887755102040816,0.7653061224489796,0.05357142857142857,0.7777777777777778,1.0162962962962963,0.0008590170762182506,1.0561224489795922
frozenset({'CIRCUS PARADE LUNCH BOX'}),frozenset({'POSTAGE'}),0.06887755102040816,0.7653061224489796,0.05357142857142857,0.7777777777777778,1.0162962962962963,0.0008590170762182506,1.0561224489795922
frozenset({'LUNCH BOX I LOVE LONDON'}),frozenset({'POSTAGE'}),0.06887755102040816,0.7653061224489796,0.05357142857142857,0.7777777777777778,1.0162962962962963,0.0008590170762182506,1.0561224489795922
"frozenset({'PLASTERS IN TIN SPACEBOY', 'PLASTERS IN TIN WOODLAND ANIMALS', 'PLASTERS IN TIN CIRCUS PARADE'})",frozenset({'POSTAGE'}),0.06887755102040816,0.7653061224489796,0.05357142857142857,0.7777777777777778,1.0162962962962963,0.0008590170762182506,1.0561224489795922
frozenset({'SPACEBOY LUNCH BOX'}),frozenset({'POSTAGE'}),0.125,0.7653061224489796,0.09693877551020408,0.7755102040816326,1.0133333333333334,0.001275510204081634,1.0454545454545454
"frozenset({'PLASTERS IN TIN SPACEBOY', 'PLASTERS IN TIN CIRCUS PARADE'})",frozenset({'PLASTERS IN TIN WOODLAND ANIMALS'}),0.08928571428571429,0.17091836734693877,0.06887755102040816,0.7714285714285714,4.513432835820895,0.05361698250728862,3.6272321428571415
frozenset({'SET/20 RED RETROSPOT PAPER NAPKINS'}),frozenset({'SET/6 RED SPOTTY PAPER PLATES'}),0.1326530612244898,0.12755102040816327,0.10204081632653061,0.7692307692307692,6.03076923076923,0.08512078300708038,3.780612244897958
frozenset({'SET/20 RED RETROSPOT PAPER NAPKINS'}),frozenset({'SET/6 RED SPOTTY PAPER CUPS'}),0.1326530612244898,0.1377551020408163,0.10204081632653061,0.7692307692307692,5.584045584045584,0.08376718034152436,3.7363945578231283
"frozenset({'SET/20 RED RETROSPOT PAPER NAPKINS', 'POSTAGE'})",frozenset({'SET/6 RED SPOTTY PAPER PLATES'}),0.1096938775510204,0.12755102040816327,0.08418367346938775,0.7674418604651163,6.016744186046512,0.07019210745522698,3.7515306122448986
"frozenset({'SET/20 RED RETROSPOT PAPER NAPKINS', 'POSTAGE'})",frozenset({'SET/6 RED SPOTTY PAPER CUPS'}),0.1096938775510204,0.1377551020408163,0.08418367346938775,0.7674418604651163,5.5710594315245485,0.06907278217409413,3.7076530612244905
frozenset({'LUNCH BAG SPACEBOY DESIGN'}),frozenset({'POSTAGE'}),0.11989795918367346,0.7653061224489796,0.09183673469387756,0.7659574468085107,1.0008510638297874,7.809246147440219e-05,1.0027829313543606
"frozenset({'ALARM CLOCK BAKELIKE RED', 'POSTAGE'})",frozenset({'ALARM CLOCK BAKELIKE PINK'}),0.08673469387755102,0.10204081632653061,0.0663265306122449,0.7647058823529412,7.4941176470588236,0.05747605164514786,3.816326530612246
frozenset({'ALARM CLOCK BAKELIKE GREEN'}),frozenset({'ALARM CLOCK BAKELIKE PINK'}),0.09693877551020408,0.10204081632653061,0.07397959183673469,0.7631578947368421,7.478947368421053,0.06408788004997917,3.7913832199546493
"frozenset({'SET/6 RED SPOTTY PAPER PLATES', 'POSTAGE'})","frozenset({'SET/20 RED RETROSPOT PAPER NAPKINS', 'SET/6 RED SPOTTY PAPER CUPS'})",0.10714285714285714,0.10204081632653061,0.08163265306122448,0.7619047619047619,7.466666666666666,0.0706997084548105,3.771428571428571
frozenset({'PLASTERS IN TIN SPACEBOY'}),frozenset({'PLASTERS IN TIN WOODLAND ANIMALS'}),0.1377551020408163,0.17091836734693877,0.10459183673469388,0.7592592592592594,4.442233278054174,0.08104695960016661,3.4438775510204103
"frozenset({'ALARM CLOCK BAKELIKE RED', 'ALARM CLOCK BAKELIKE PINK'})","frozenset({'POSTAGE', 'ALARM CLOCK BAKELIKE GREEN'})",0.07397959183673469,0.08418367346938775,0.05612244897959184,0.7586206896551724,9.011494252873563,0.04989457517700958,3.794096209912536
"frozenset({'ALARM CLOCK BAKELIKE PINK', 'ALARM CLOCK BAKELIKE GREEN'})","frozenset({'ALARM CLOCK BAKELIKE RED', 'POSTAGE'})",0.07397959183673469,0.08673469387755102,0.05612244897959184,0.7586206896551724,8.746450304259634,0.04970585172844648,3.7835276967930023
frozenset({'ALARM CLOCK BAKELIKE RED'}),"frozenset({'POSTAGE', 'ALARM CLOCK BAKELIKE GREEN'})",0.09438775510204081,0.08418367346938775,0.07142857142857142,0.7567567567567568,8.98935298935299,0.06348266347355268,3.7650226757369625
frozenset({'SET/20 RED RETROSPOT PAPER NAPKINS'}),"frozenset({'SET/6 RED SPOTTY PAPER PLATES', 'SET/6 RED SPOTTY PAPER CUPS'})",0.1326530612244898,0.12244897959183673,0.09948979591836735,0.75,6.125,0.08324656393169513,3.510204081632653
"frozenset({'SET/20 RED RETROSPOT PAPER NAPKINS', 'POSTAGE'})","frozenset({'SET/6 RED SPOTTY PAPER PLATES', 'SET/6 RED SPOTTY PAPER CUPS'})",0.1096938775510204,0.12244897959183673,0.08163265306122448,0.7441860465116279,6.077519379844961,0.06820074968763015,3.430426716141002
"frozenset({'ALARM CLOCK BAKELIKE PINK', 'POSTAGE'})",frozenset({'ALARM CLOCK BAKELIKE RED'}),0.08928571428571429,0.09438775510204081,0.0663265306122449,0.7428571428571429,7.870270270270271,0.057899052478134115,3.521825396825397
frozenset({'SET/6 RED SPOTTY PAPER CUPS'}),"frozenset({'SET/6 RED SPOTTY PAPER PLATES', 'POSTAGE'})",0.1377551020408163,0.10714285714285714,0.10204081632653061,0.7407407407407408,6.913580246913582,0.08728134110787172,3.4438775510204094
frozenset({'SET/6 RED SPOTTY PAPER CUPS'}),frozenset({'SET/20 RED RETROSPOT PAPER NAPKINS'}),0.1377551020408163,0.1326530612244898,0.10204081632653061,0.7407407407407408,5.584045584045584,0.08376718034152436,3.3454810495626828
frozenset({'ALARM CLOCK BAKELIKE GREEN'}),"frozenset({'ALARM CLOCK BAKELIKE RED', 'POSTAGE'})",0.09693877551020408,0.08673469387755102,0.07142857142857142,0.7368421052631579,8.495356037151703,0.06302061640982923,3.470408163265305
"frozenset({'PLASTERS IN TIN SPACEBOY', 'POSTAGE'})",frozenset({'PLASTERS IN TIN WOODLAND ANIMALS'}),0.11479591836734694,0.17091836734693877,0.08418367346938775,0.7333333333333333,4.290547263681592,0.06456294252394836,3.109056122448979
"frozenset({'POSTAGE', 'ALARM CLOCK BAKELIKE GREEN'})",frozenset({'ALARM CLOCK BAKELIKE PINK'}),0.08418367346938775,0.10204081632653061,0.061224489795918366,0.7272727272727273,7.127272727272727,0.05263431903373594,3.292517006802721
frozenset({'ALARM CLOCK BAKELIKE PINK'}),frozenset({'ALARM CLOCK BAKELIKE RED'}),0.10204081632653061,0.09438775510204081,0.07397959183673469,0.725,7.681081081081081,0.0643481882548938,3.293135435992579
frozenset({'ALARM CLOCK BAKELIKE PINK'}),frozenset({'ALARM CLOCK BAKELIKE GREEN'}),0.10204081632653061,0.09693877551020408,0.07397959183673469,0.725,7.478947368421053,0.06408788004997917,3.283858998144712
"frozenset({'DOLLY GIRL LUNCH BOX', 'POSTAGE'})",frozenset({'SPACEBOY LUNCH BOX'}),0.07397959183673469,0.125,0.05357142857142857,0.7241379310344828,5.793103448275862,0.04432397959183673,3.171875
"frozenset({'POSTAGE', 'PLASTERS IN TIN SPACEBOY', 'PLASTERS IN TIN CIRCUS PARADE'})",frozenset({'PLASTERS IN TIN WOODLAND ANIMALS'}),0.07397959183673469,0.17091836734693877,0.05357142857142857,0.7241379310344828,4.236747297992795,0.04092695751770095,3.005420918367347
frozenset({'SET/6 RED SPOTTY PAPER CUPS'}),"frozenset({'SET/20 RED RETROSPOT PAPER NAPKINS', 'SET/6 RED SPOTTY PAPER PLATES'})",0.1377551020408163,0.10204081632653061,0.09948979591836735,0.7222222222222223,7.077777777777778,0.08543315285297792,3.232653061224491
frozenset({'PLASTERS IN TIN STRONGMAN'}),frozenset({'PLASTERS IN TIN CIRCUS PARADE'}),0.08163265306122448,0.1683673469387755,0.058673469387755105,0.7187500000000001,4.2689393939393945,0.04492919616826323,2.9569160997732435
frozenset({'DOLLY GIRL LUNCH BOX'}),frozenset({'SPACEBOY LUNCH BOX'}),0.09948979591836735,0.125,0.07142857142857142,0.717948717948718,5.743589743589744,0.0589923469387755,3.1022727272727275
"frozenset({'POSTAGE', 'SET/6 RED SPOTTY PAPER CUPS'})",frozenset({'SET/20 RED RETROSPOT PAPER NAPKINS'}),0.11734693877551021,0.1326530612244898,0.08418367346938775,0.717391304347826,5.408026755852842,0.06861724281549354,3.069073783359497
"frozenset({'ALARM CLOCK BAKELIKE RED', 'ALARM CLOCK BAKELIKE GREEN'})","frozenset({'ALARM CLOCK BAKELIKE PINK', 'POSTAGE'})",0.07908163265306123,0.08928571428571429,0.05612244897959184,0.7096774193548386,7.9483870967741925,0.049061588921282796,3.136904761904761
frozenset({'ALARM CLOCK BAKELIKE RED'}),"frozenset({'ALARM CLOCK BAKELIKE PINK', 'POSTAGE'})",0.09438775510204081,0.08928571428571429,0.0663265306122449,0.7027027027027027,7.870270270270271,0.057899052478134115,3.0633116883116887
"frozenset({'POSTAGE', 'SET/6 RED SPOTTY PAPER CUPS'})","frozenset({'SET/20 RED RETROSPOT PAPER NAPKINS', 'SET/6 RED SPOTTY PAPER PLATES'})",0.11734693877551021,0.10204081632653061,0.08163265306122448,0.6956521739130433,6.817391304347825,0.06965847563515201,2.9504373177842553
"frozenset({'ALARM CLOCK BAKELIKE PINK', 'POSTAGE'})",frozenset({'ALARM CLOCK BAKELIKE GREEN'}),0.08928571428571429,0.09693877551020408,0.061224489795918366,0.6857142857142857,7.0736842105263165,0.052569241982507287,2.8733766233766236
frozenset({'ALARM CLOCK BAKELIKE RED'}),"frozenset({'ALARM CLOCK BAKELIKE PINK', 'ALARM CLOCK BAKELIKE GREEN'})",0.09438775510204081,0.07397959183673469,0.06377551020408163,0.6756756756756758,9.13327120223672,0.05679274260724698,2.855229591836735
"frozenset({'PLASTERS IN TIN WOODLAND ANIMALS', 'PLASTERS IN TIN CIRCUS PARADE'})",frozenset({'PLASTERS IN TIN SPACEBOY'}),0.10204081632653061,0.1377551020408163,0.06887755102040816,0.6749999999999999,4.9,0.05482090795501873,2.6530612244897953
"frozenset({'POSTAGE', 'ALARM CLOCK BAKELIKE GREEN'})","frozenset({'ALARM CLOCK BAKELIKE RED', 'ALARM CLOCK BAKELIKE PINK'})",0.08418367346938775,0.07397959183673469,0.05612244897959184,0.6666666666666667,9.011494252873565,0.04989457517700958,2.778061224489796
"frozenset({'SET/6 RED SPOTTY PAPER PLATES', 'SET/6 RED SPOTTY PAPER CUPS'})","frozenset({'SET/20 RED RETROSPOT PAPER NAPKINS', 'POSTAGE'})",0.12244897959183673,0.1096938775510204,0.08163265306122448,0.6666666666666666,6.077519379844961,0.06820074968763015,2.6709183673469385
frozenset({'SET/6 RED SPOTTY PAPER PLATES'}),"frozenset({'SET/20 RED RETROSPOT PAPER NAPKINS', 'POSTAGE'})",0.12755102040816327,0.1096938775510204,0.08418367346938775,0.6599999999999999,6.016744186046511,0.07019210745522698,2.6185474189675864
"frozenset({'PLASTERS IN TIN SPACEBOY', 'PLASTERS IN TIN WOODLAND ANIMALS'})",frozenset({'PLASTERS IN TIN CIRCUS PARADE'}),0.10459183673469388,0.1683673469387755,0.06887755102040816,0.6585365853658536,3.9113082039911307,0.05126770095793419,2.435495626822157
frozenset({'ALARM CLOCK BAKELIKE GREEN'}),"frozenset({'ALARM CLOCK BAKELIKE RED', 'ALARM CLOCK BAKELIKE PINK'})",0.09693877551020408,0.07397959183673469,0.06377551020408163,0.6578947368421053,8.892921960072597,0.056604019158683884,2.706828885400314
frozenset({'ALARM CLOCK BAKELIKE PINK'}),"frozenset({'ALARM CLOCK BAKELIKE RED', 'POSTAGE'})",0.10204081632653061,0.08673469387755102,0.0663265306122449,0.65,7.4941176470588236,0.05747605164514786,2.60932944606414
frozenset({'PLASTERS IN TIN SPACEBOY'}),frozenset({'PLASTERS IN TIN CIRCUS PARADE'}),0.1377551020408163,0.1683673469387755,0.08928571428571429,0.6481481481481483,3.849607182940517,0.06609225322782175,2.36358754027927
"frozenset({'ALARM CLOCK BAKELIKE RED', 'POSTAGE'})","frozenset({'ALARM CLOCK BAKELIKE PINK', 'ALARM CLOCK BAKELIKE GREEN'})",0.08673469387755102,0.07397959183673469,0.05612244897959184,0.6470588235294118,8.746450304259636,0.04970585172844648,2.6237244897959187
"frozenset({'PLASTERS IN TIN SPACEBOY', 'POSTAGE'})",frozenset({'PLASTERS IN TIN CIRCUS PARADE'}),0.11479591836734694,0.1683673469387755,0.07397959183673469,0.6444444444444444,3.8276094276094272,0.05465170762182424,2.338966836734693
frozenset({'SET/6 RED SPOTTY PAPER PLATES'}),"frozenset({'SET/20 RED RETROSPOT PAPER NAPKINS', 'POSTAGE', 'SET/6 RED SPOTTY PAPER CUPS'})",0.12755102040816327,0.08418367346938775,0.08163265306122448,0.6399999999999999,7.602424242424242,0.07089493960849645,2.543934240362811
"frozenset({'POSTAGE', 'PLASTERS IN TIN WOODLAND ANIMALS', 'PLASTERS IN TIN CIRCUS PARADE'})",frozenset({'PLASTERS IN TIN SPACEBOY'}),0.08418367346938775,0.1377551020408163,0.05357142857142857,0.6363636363636364,4.61952861952862,0.0419746980424823,2.371173469387755
"frozenset({'PLASTERS IN TIN SPACEBOY', 'PLASTERS IN TIN WOODLAND ANIMALS', 'POSTAGE'})",frozenset({'PLASTERS IN TIN CIRCUS PARADE'}),0.08418367346938775,0.1683673469387755,0.05357142857142857,0.6363636363636364,3.7796143250688705,0.03939764681382757,2.2869897959183674
frozenset({'SET/20 RED RETROSPOT PAPER NAPKINS'}),"frozenset({'SET/6 RED SPOTTY PAPER PLATES', 'POSTAGE'})",0.1326530612244898,0.10714285714285714,0.08418367346938775,0.6346153846153846,5.923076923076923,0.06997084548104957,2.443609022556391
frozenset({'SET/20 RED RETROSPOT PAPER NAPKINS'}),"frozenset({'POSTAGE', 'SET/6 RED SPOTTY PAPER CUPS'})",0.1326530612244898,0.11734693877551021,0.08418367346938775,0.6346153846153846,5.408026755852842,0.06861724281549354,2.4156820622986035
frozenset({'ALARM CLOCK BAKELIKE GREEN'}),"frozenset({'ALARM CLOCK BAKELIKE PINK', 'POSTAGE'})",0.09693877551020408,0.08928571428571429,0.061224489795918366,0.631578947368421,7.073684210526316,0.052569241982507287,2.471938775510204
"frozenset({'ALARM CLOCK BAKELIKE PINK', 'POSTAGE'})","frozenset({'ALARM CLOCK BAKELIKE RED', 'ALARM CLOCK BAKELIKE GREEN'})",0.08928571428571429,0.07908163265306123,0.05612244897959184,0.6285714285714286,7.9483870967741925,0.049061588921282796,2.4793956043956045
frozenset({'ALARM CLOCK BAKELIKE PINK'}),"frozenset({'ALARM CLOCK BAKELIKE RED', 'ALARM CLOCK BAKELIKE GREEN'})",0.10204081632653061,0.07908163265306123,0.06377551020408163,0.625,7.903225806451612,0.055705955851728446,2.45578231292517
"frozenset({'ROUND SNACK BOXES SET OF 4 FRUITS', 'POSTAGE'})",frozenset({'ROUND SNACK BOXES SET OF4 WOODLAND'}),0.09438775510204081,0.15816326530612246,0.058673469387755105,0.6216216216216217,3.93025283347864,0.04374479383590171,2.2248542274052485
frozenset({'SET/20 RED RETROSPOT PAPER NAPKINS'}),"frozenset({'SET/6 RED SPOTTY PAPER PLATES', 'POSTAGE', 'SET/6 RED SPOTTY PAPER CUPS'})",0.1326530612244898,0.10204081632653061,0.08163265306122448,0.6153846153846153,6.03076923076923,0.0680966264056643,2.33469387755102
frozenset({'PLASTERS IN TIN WOODLAND ANIMALS'}),frozenset({'PLASTERS IN TIN SPACEBOY'}),0.17091836734693877,0.1377551020408163,0.10459183673469388,0.6119402985074628,4.442233278054175,0.08104695960016661,2.2219387755102047
frozenset({'SET/6 RED SPOTTY PAPER CUPS'}),"frozenset({'SET/20 RED RETROSPOT PAPER NAPKINS', 'POSTAGE'})",0.1377551020408163,0.1096938775510204,0.08418367346938775,0.6111111111111112,5.5710594315245485,0.06907278217409413,2.2893586005830904
"frozenset({'PLASTERS IN TIN WOODLAND ANIMALS', 'POSTAGE'})",frozenset({'PLASTERS IN TIN SPACEBOY'}),0.1377551020408163,0.1377551020408163,0.08418367346938775,0.6111111111111112,4.436213991769548,0.06520720533111204,2.2172011661807582
frozenset({'PLASTERS IN TIN SPACEBOY'}),"frozenset({'PLASTERS IN TIN WOODLAND ANIMALS', 'POSTAGE'})",0.1377551020408163,0.1377551020408163,0.08418367346938775,0.6111111111111112,4.436213991769548,0.06520720533111204,2.2172011661807582
"frozenset({'PLASTERS IN TIN WOODLAND ANIMALS', 'POSTAGE'})",frozenset({'PLASTERS IN TIN CIRCUS PARADE'}),0.1377551020408163,0.1683673469387755,0.08418367346938775,0.6111111111111112,3.62962962962963,0.060990212411495215,2.1384839650145775
frozenset({'LUNCH BAG DOLLY GIRL DESIGN'}),frozenset({'LUNCH BAG SPACEBOY DESIGN'}),0.08418367346938775,0.11989795918367346,0.05102040816326531,0.6060606060606061,5.054803352675694,0.04092695751770096,2.234105180533752
frozenset({'PLASTERS IN TIN CIRCUS PARADE'}),frozenset({'PLASTERS IN TIN WOODLAND ANIMALS'}),0.1683673469387755,0.17091836734693877,0.10204081632653061,0.6060606060606061,3.5459068294889193,0.0732637442732195,2.104591836734694
frozenset({'ALARM CLOCK BAKELIKE PINK'}),"frozenset({'POSTAGE', 'ALARM CLOCK BAKELIKE GREEN'})",0.10204081632653061,0.08418367346938775,0.061224489795918366,0.6,7.127272727272727,0.05263431903373594,2.2895408163265305
"frozenset({'PLASTERS IN TIN SPACEBOY', 'PLASTERS IN TIN CIRCUS PARADE'})","frozenset({'PLASTERS IN TIN WOODLAND ANIMALS', 'POSTAGE'})",0.08928571428571429,0.1377551020408163,0.05357142857142857,0.6,4.355555555555556,0.041271865889212826,2.155612244897959
frozenset({'PLASTERS IN TIN WOODLAND ANIMALS'}),frozenset({'PLASTERS IN TIN CIRCUS PARADE'}),0.17091836734693877,0.1683673469387755,0.10204081632653061,0.5970149253731344,3.5459068294889193,0.0732637442732195,2.0636810279667426
frozenset({'ROUND SNACK BOXES SET OF 4 FRUITS'}),frozenset({'ROUND SNACK BOXES SET OF4 WOODLAND'}),0.10714285714285714,0.15816326530612246,0.06377551020408163,0.5952380952380952,3.7634408602150535,0.04682944606413994,2.0798319327731094
frozenset({'ALARM CLOCK BAKELIKE RED'}),"frozenset({'ALARM CLOCK BAKELIKE PINK', 'ALARM CLOCK BAKELIKE GREEN', 'POSTAGE'})",0.09438775510204081,0.061224489795918366,0.05612244897959184,0.5945945945945946,9.711711711711713,0.050343606830487296,2.3156462585034014
frozenset({'SET/6 RED SPOTTY PAPER CUPS'}),"frozenset({'SET/20 RED RETROSPOT PAPER NAPKINS', 'SET/6 RED SPOTTY PAPER PLATES', 'POSTAGE'})",0.1377551020408163,0.08418367346938775,0.08163265306122448,0.5925925925925926,7.0392817059483725,0.07003592253227821,2.24791280148423
"frozenset({'LUNCH BAG APPLE DESIGN', 'POSTAGE'})",frozenset({'LUNCH BAG RED RETROSPOT'}),0.10459183673469388,0.15306122448979592,0.061224489795918366,0.5853658536585366,3.824390243902439,0.045215535193669304,2.042617046818727
"frozenset({'LUNCH BAG SPACEBOY DESIGN', 'POSTAGE'})",frozenset({'LUNCH BAG WOODLAND'}),0.09183673469387756,0.11734693877551021,0.05357142857142857,0.5833333333333333,4.971014492753622,0.04279466888796334,2.118367346938775
"frozenset({'LUNCH BAG SPACEBOY DESIGN', 'POSTAGE'})",frozenset({'LUNCH BAG RED RETROSPOT'}),0.09183673469387756,0.15306122448979592,0.05357142857142857,0.5833333333333333,3.8111111111111104,0.039514785506039145,2.0326530612244893
frozenset({'ALARM CLOCK BAKELIKE GREEN'}),"frozenset({'ALARM CLOCK BAKELIKE RED', 'ALARM CLOCK BAKELIKE PINK', 'POSTAGE'})",0.09693877551020408,0.0663265306122449,0.05612244897959184,0.5789473684210527,8.728744939271255,0.04969283631820075,2.2174744897959187
frozenset({'SPACEBOY LUNCH BOX'}),frozenset({'DOLLY GIRL LUNCH BOX'}),0.125,0.09948979591836735,0.07142857142857142,0.5714285714285714,5.743589743589744,0.0589923469387755,2.101190476190476
"frozenset({'POSTAGE', 'PLASTERS IN TIN CIRCUS PARADE'})",frozenset({'PLASTERS IN TIN WOODLAND ANIMALS'}),0.14795918367346939,0.17091836734693877,0.08418367346938775,0.5689655172413793,3.328872876994339,0.058894731361932524,1.9234693877551021
"frozenset({'LUNCH BAG SPACEBOY DESIGN', 'POSTAGE'})",frozenset({'LUNCH BAG APPLE DESIGN'}),0.09183673469387756,0.125,0.05102040816326531,0.5555555555555556,4.444444444444445,0.039540816326530615,1.96875
frozenset({'LUNCH BAG SPACEBOY DESIGN'}),frozenset({'LUNCH BAG RED RETROSPOT'}),0.11989795918367346,0.15306122448979592,0.0663265306122449,0.5531914893617021,3.6141843971631205,0.047974802165764274,1.8955296404275996
"frozenset({'POSTAGE', 'SPACEBOY LUNCH BOX'})",frozenset({'DOLLY GIRL LUNCH BOX'}),0.09693877551020408,0.09948979591836735,0.05357142857142857,0.5526315789473684,5.554655870445344,0.04392700957934194,2.0129051620648255
frozenset({'ALARM CLOCK BAKELIKE PINK'}),"frozenset({'ALARM CLOCK BAKELIKE RED', 'POSTAGE', 'ALARM CLOCK BAKELIKE GREEN'})",0.10204081632653061,0.07142857142857142,0.05612244897959184,0.5499999999999999,7.699999999999999,0.048833819241982504,2.0634920634920633
frozenset({'ROUND SNACK BOXES SET OF 4 FRUITS'}),"frozenset({'POSTAGE', 'ROUND SNACK BOXES SET OF4 WOODLAND'})",0.10714285714285714,0.14795918367346939,0.058673469387755105,0.5476190476190477,3.701149425287357,0.04282069970845481,1.8834586466165415
frozenset({'LUNCH BAG WOODLAND'}),frozenset({'LUNCH BAG SPACEBOY DESIGN'}),0.11734693877551021,0.11989795918367346,0.06377551020408163,0.5434782608695652,4.532839962997225,0.04970585172844648,1.9278425655976674
frozenset({'ALARM CLOCK BAKELIKE RED'}),frozenset({'ROUND SNACK BOXES SET OF4 WOODLAND'}),0.09438775510204081,0.15816326530612246,0.05102040816326531,0.5405405405405406,3.4176111595466434,0.036091732611411916,1.832232893157263
frozenset({'DOLLY GIRL LUNCH BOX'}),"frozenset({'POSTAGE', 'SPACEBOY LUNCH BOX'})",0.09948979591836735,0.09693877551020408,0.05357142857142857,0.5384615384615384,5.554655870445344,0.04392700957934194,1.9566326530612246
frozenset({'PLASTERS IN TIN SPACEBOY'}),"frozenset({'POSTAGE', 'PLASTERS IN TIN CIRCUS PARADE'})",0.1377551020408163,0.14795918367346939,0.07397959183673469,0.5370370370370371,3.62962962962963,0.05359745939192004,1.8404081632653064
frozenset({'LUNCH BAG SPACEBOY DESIGN'}),frozenset({'LUNCH BAG WOODLAND'}),0.11989795918367346,0.11734693877551021,0.06377551020408163,0.5319148936170213,4.532839962997224,0.04970585172844648,1.8856679035250463
frozenset({'LUNCH BAG SPACEBOY DESIGN'}),frozenset({'LUNCH BAG APPLE DESIGN'}),0.11989795918367346,0.125,0.06377551020408163,0.5319148936170213,4.25531914893617,0.04878826530612245,1.8693181818181819
frozenset({'LUNCH BAG APPLE DESIGN'}),frozenset({'LUNCH BAG RED RETROSPOT'}),0.125,0.15306122448979592,0.0663265306122449,0.5306122448979592,3.466666666666667,0.04719387755102041,1.8043478260869565
frozenset({'PLASTERS IN TIN CIRCUS PARADE'}),frozenset({'PLASTERS IN TIN SPACEBOY'}),0.1683673469387755,0.1377551020408163,0.08928571428571429,0.5303030303030304,3.849607182940517,0.06609225322782175,1.8357472021066494
"frozenset({'PLASTERS IN TIN WOODLAND ANIMALS', 'PLASTERS IN TIN CIRCUS PARADE'})","frozenset({'PLASTERS IN TIN SPACEBOY', 'POSTAGE'})",0.10204081632653061,0.11479591836734694,0.05357142857142857,0.5249999999999999,4.573333333333332,0.04185755935027072,1.8635875402792692
"frozenset({'LUNCH BAG WOODLAND', 'POSTAGE'})",frozenset({'LUNCH BAG SPACEBOY DESIGN'}),0.10204081632653061,0.11989795918367346,0.05357142857142857,0.5249999999999999,4.378723404255319,0.041336942940441476,1.8528464017185817
frozenset({'STRAWBERRY LUNCH BOX WITH CUTLERY'}),frozenset({'LUNCH BOX WITH CUTLERY RETROSPOT'}),0.12244897959183673,0.14285714285714285,0.06377551020408163,0.5208333333333334,3.645833333333334,0.04628279883381925,1.7888198757763978
"frozenset({'PLASTERS IN TIN SPACEBOY', 'PLASTERS IN TIN WOODLAND ANIMALS'})","frozenset({'POSTAGE', 'PLASTERS IN TIN CIRCUS PARADE'})",0.10459183673469388,0.14795918367346939,0.05357142857142857,0.5121951219512194,3.461732548359966,0.03809610578925447,1.7466836734693874
"frozenset({'LUNCH BOX WITH CUTLERY RETROSPOT', 'POSTAGE'})",frozenset({'STRAWBERRY LUNCH BOX WITH CUTLERY'}),0.11479591836734694,0.12244897959183673,0.058673469387755105,0.5111111111111111,4.174074074074074,0.04461682632236568,1.7949907235621518
"frozenset({'STRAWBERRY LUNCH BOX WITH CUTLERY', 'POSTAGE'})",frozenset({'LUNCH BOX WITH CUTLERY RETROSPOT'}),0.11479591836734694,0.14285714285714285,0.058673469387755105,0.5111111111111111,3.5777777777777775,0.042274052478134115,1.7532467532467533
frozenset({'LUNCH BAG APPLE DESIGN'}),frozenset({'LUNCH BAG SPACEBOY DESIGN'}),0.125,0.11989795918367346,0.06377551020408163,0.5102040816326531,4.25531914893617,0.04878826530612245,1.796875
frozenset({'PLASTERS IN TIN SPACEBOY'}),"frozenset({'PLASTERS IN TIN WOODLAND ANIMALS', 'PLASTERS IN TIN CIRCUS PARADE'})",0.1377551020408163,0.10204081632653061,0.06887755102040816,0.5,4.8999999999999995,0.05482090795501873,1.7959183673469388
"frozenset({'LUNCH BAG RED RETROSPOT', 'POSTAGE'})",frozenset({'LUNCH BAG APPLE DESIGN'}),0.12244897959183673,0.125,0.061224489795918366,0.5,4.0,0.04591836734693877,1.75
"frozenset({'POSTAGE', 'PLASTERS IN TIN CIRCUS PARADE'})",frozenset({'PLASTERS IN TIN SPACEBOY'}),0.14795918367346939,0.1377551020408163,0.07397959183673469,0.5,3.62962962962963,0.05359745939192004,1.7244897959183674
frozenset({'PLASTERS IN TIN CIRCUS PARADE'}),"frozenset({'PLASTERS IN TIN WOODLAND ANIMALS', 'POSTAGE'})",0.1683673469387755,0.1377551020408163,0.08418367346938775,0.5,3.62962962962963,0.060990212411495215,1.7244897959183674
"frozenset({'LUNCH BAG WOODLAND', 'POSTAGE'})",frozenset({'LUNCH BAG RED RETROSPOT'}),0.10204081632653061,0.15306122448979592,0.05102040816326531,0.5,3.2666666666666666,0.03540191586838817,1.693877551020408
frozenset({'PLASTERS IN TIN WOODLAND ANIMALS'}),"frozenset({'PLASTERS IN TIN SPACEBOY', 'POSTAGE'})",0.17091836734693877,0.11479591836734694,0.08418367346938775,0.4925373134328358,4.290547263681591,0.06456294252394836,1.74437274909964
frozenset({'PLASTERS IN TIN WOODLAND ANIMALS'}),"frozenset({'POSTAGE', 'PLASTERS IN TIN CIRCUS PARADE'})",0.17091836734693877,0.14795918367346939,0.08418367346938775,0.4925373134328358,3.3288728769943385,0.058894731361932524,1.6790216086434573
frozenset({'LUNCH BAG APPLE DESIGN'}),"frozenset({'LUNCH BAG RED RETROSPOT', 'POSTAGE'})",0.125,0.12244897959183673,0.061224489795918366,0.4897959183673469,4.0,0.04591836734693877,1.72
"frozenset({'LUNCH BAG APPLE DESIGN', 'POSTAGE'})",frozenset({'LUNCH BAG SPACEBOY DESIGN'}),0.10459183673469388,0.11989795918367346,0.05102040816326531,0.4878048780487805,4.06850025947068,0.03848006039150354,1.7182944606413992
frozenset({'STRAWBERRY LUNCH BOX WITH CUTLERY'}),"frozenset({'LUNCH BOX WITH CUTLERY RETROSPOT', 'POSTAGE'})",0.12244897959183673,0.11479591836734694,0.058673469387755105,0.4791666666666667,4.174074074074074,0.04461682632236568,1.699591836734694
frozenset({'LUNCH BAG WOODLAND'}),frozenset({'LUNCH BAG RED RETROSPOT'}),0.11734693877551021,0.15306122448979592,0.05612244897959184,0.47826086956521735,3.12463768115942,0.03816118284048313,1.6232993197278907
frozenset({'LUNCH BAG SPACEBOY DESIGN'}),frozenset({'SPACEBOY LUNCH BOX'}),0.11989795918367346,0.125,0.05612244897959184,0.46808510638297873,3.74468085106383,0.041135204081632654,1.645
"frozenset({'PLASTERS IN TIN SPACEBOY', 'POSTAGE'})","frozenset({'PLASTERS IN TIN WOODLAND ANIMALS', 'PLASTERS IN TIN CIRCUS PARADE'})",0.11479591836734694,0.10204081632653061,0.05357142857142857,0.4666666666666666,4.573333333333332,0.04185755935027072,1.6836734693877549
frozenset({'LUNCH BAG WOODLAND'}),"frozenset({'LUNCH BAG SPACEBOY DESIGN', 'POSTAGE'})",0.11734693877551021,0.09183673469387756,0.05357142857142857,0.45652173913043476,4.971014492753623,0.04279466888796334,1.6710204081632654
frozenset({'LUNCH BAG WOODLAND'}),frozenset({'LUNCH BAG APPLE DESIGN'}),0.11734693877551021,0.125,0.05357142857142857,0.45652173913043476,3.652173913043478,0.03890306122448979,1.61
frozenset({'SPACEBOY LUNCH BOX'}),frozenset({'LUNCH BAG SPACEBOY DESIGN'}),0.125,0.11989795918367346,0.05612244897959184,0.4489795918367347,3.74468085106383,0.041135204081632654,1.5972222222222223
frozenset({'LUNCH BAG SPACEBOY DESIGN'}),"frozenset({'LUNCH BAG WOODLAND', 'POSTAGE'})",0.11989795918367346,0.10204081632653061,0.05357142857142857,0.44680851063829785,4.378723404255319,0.041336942940441476,1.6232339089481946
frozenset({'LUNCH BAG SPACEBOY DESIGN'}),"frozenset({'LUNCH BAG RED RETROSPOT', 'POSTAGE'})",0.11989795918367346,0.12244897959183673,0.05357142857142857,0.44680851063829785,3.648936170212766,0.03889004581424406,1.5863422291993718
frozenset({'LUNCH BAG SPACEBOY DESIGN'}),frozenset({'PLASTERS IN TIN SPACEBOY'}),0.11989795918367346,0.1377551020408163,0.05357142857142857,0.44680851063829785,3.2434988179669033,0.037054872969596,1.558673469387755
frozenset({'LUNCH BOX WITH CUTLERY RETROSPOT'}),frozenset({'STRAWBERRY LUNCH BOX WITH CUTLERY'}),0.14285714285714285,0.12244897959183673,0.06377551020408163,0.44642857142857145,3.6458333333333335,0.04628279883381925,1.585253456221198
frozenset({'PLASTERS IN TIN CIRCUS PARADE'}),"frozenset({'PLASTERS IN TIN SPACEBOY', 'POSTAGE'})",0.1683673469387755,0.11479591836734694,0.07397959183673469,0.4393939393939394,3.8276094276094277,0.05465170762182424,1.5790126861555436
"frozenset({'LUNCH BAG RED RETROSPOT', 'POSTAGE'})",frozenset({'LUNCH BAG SPACEBOY DESIGN'}),0.12244897959183673,0.11989795918367346,0.05357142857142857,0.4375,3.648936170212766,0.03889004581424406,1.564625850340136
frozenset({'LUNCH BAG WOODLAND'}),"frozenset({'LUNCH BAG RED RETROSPOT', 'POSTAGE'})",0.11734693877551021,0.12244897959183673,0.05102040816326531,0.43478260869565216,3.550724637681159,0.036651395251978344,1.552590266875981
frozenset({'LUNCH BAG RED RETROSPOT'}),frozenset({'LUNCH BAG SPACEBOY DESIGN'}),0.15306122448979592,0.11989795918367346,0.0663265306122449,0.43333333333333335,3.614184397163121,0.047974802165764274,1.5531212484993997
frozenset({'LUNCH BAG RED RETROSPOT'}),frozenset({'LUNCH BAG APPLE DESIGN'}),0.15306122448979592,0.125,0.0663265306122449,0.43333333333333335,3.466666666666667,0.04719387755102041,1.5441176470588236
frozenset({'SPACEBOY LUNCH BOX'}),"frozenset({'DOLLY GIRL LUNCH BOX', 'POSTAGE'})",0.125,0.07397959183673469,0.05357142857142857,0.42857142857142855,5.793103448275862,0.04432397959183673,1.6205357142857142
frozenset({'LUNCH BAG APPLE DESIGN'}),frozenset({'LUNCH BAG WOODLAND'}),0.125,0.11734693877551021,0.05357142857142857,0.42857142857142855,3.652173913043478,0.03890306122448979,1.5446428571428572
frozenset({'SPACEBOY LUNCH BOX'}),frozenset({'LUNCH BAG RED RETROSPOT'}),0.125,0.15306122448979592,0.05357142857142857,0.42857142857142855,2.8,0.03443877551020408,1.4821428571428572
frozenset({'LUNCH BAG SPACEBOY DESIGN'}),frozenset({'LUNCH BAG DOLLY GIRL DESIGN'}),0.11989795918367346,0.08418367346938775,0.05102040816326531,0.425531914893617,5.054803352675694,0.04092695751770096,1.594198790627362
frozenset({'LUNCH BAG SPACEBOY DESIGN'}),"frozenset({'LUNCH BAG APPLE DESIGN', 'POSTAGE'})",0.11989795918367346,0.10459183673469388,0.05102040816326531,0.425531914893617,4.06850025947068,0.03848006039150354,1.558673469387755
"frozenset({'LUNCH BAG RED RETROSPOT', 'POSTAGE'})",frozenset({'LUNCH BAG WOODLAND'}),0.12244897959183673,0.11734693877551021,0.05102040816326531,0.4166666666666667,3.550724637681159,0.036651395251978344,1.513119533527697
frozenset({'LUNCH BOX WITH CUTLERY RETROSPOT'}),"frozenset({'STRAWBERRY LUNCH BOX WITH CUTLERY', 'POSTAGE'})",0.14285714285714285,0.11479591836734694,0.058673469387755105,0.41071428571428575,3.577777777777778,0.042274052478134115,1.5021645021645025
frozenset({'PLASTERS IN TIN CIRCUS PARADE'}),"frozenset({'PLASTERS IN TIN SPACEBOY', 'PLASTERS IN TIN WOODLAND ANIMALS'})",0.1683673469387755,0.10459183673469388,0.06887755102040816,0.40909090909090906,3.91130820399113,0.05126770095793419,1.5153061224489794
frozenset({'LUNCH BAG APPLE DESIGN'}),"frozenset({'LUNCH BAG SPACEBOY DESIGN', 'POSTAGE'})",0.125,0.09183673469387756,0.05102040816326531,0.40816326530612246,4.444444444444445,0.039540816326530615,1.5344827586206897
frozenset({'ROUND SNACK BOXES SET OF4 WOODLAND'}),frozenset({'ROUND SNACK BOXES SET OF 4 FRUITS'}),0.15816326530612246,0.10714285714285714,0.06377551020408163,0.4032258064516129,3.7634408602150535,0.04682944606413994,1.4961389961389961
frozenset({'PLASTERS IN TIN WOODLAND ANIMALS'}),"frozenset({'PLASTERS IN TIN SPACEBOY', 'PLASTERS IN TIN CIRCUS PARADE'})",0.17091836734693877,0.08928571428571429,0.06887755102040816,0.40298507462686567,4.513432835820895,0.05361698250728862,1.5254464285714286
frozenset({'LUNCH BAG RED RETROSPOT'}),"frozenset({'LUNCH BAG APPLE DESIGN', 'POSTAGE'})",0.15306122448979592,0.10459183673469388,0.061224489795918366,0.39999999999999997,3.8243902439024384,0.045215535193669304,1.49234693877551
"frozenset({'POSTAGE', 'ROUND SNACK BOXES SET OF4 WOODLAND'})",frozenset({'ROUND SNACK BOXES SET OF 4 FRUITS'}),0.14795918367346939,0.10714285714285714,0.058673469387755105,0.39655172413793105,3.7011494252873565,0.04282069970845481,1.479591836734694
frozenset({'PLASTERS IN TIN SPACEBOY'}),"frozenset({'POSTAGE', 'PLASTERS IN TIN WOODLAND ANIMALS', 'PLASTERS IN TIN CIRCUS PARADE'})",0.1377551020408163,0.08418367346938775,0.05357142857142857,0.3888888888888889,4.619528619528619,0.0419746980424823,1.49860853432282
"frozenset({'PLASTERS IN TIN WOODLAND ANIMALS', 'POSTAGE'})","frozenset({'PLASTERS IN TIN SPACEBOY', 'PLASTERS IN TIN CIRCUS PARADE'})",0.1377551020408163,0.08928571428571429,0.05357142857142857,0.3888888888888889,4.355555555555555,0.041271865889212826,1.4902597402597402
frozenset({'PLASTERS IN TIN SPACEBOY'}),frozenset({'LUNCH BAG SPACEBOY DESIGN'}),0.1377551020408163,0.11989795918367346,0.05357142857142857,0.3888888888888889,3.2434988179669033,0.037054872969596,1.4401669758812614
"frozenset({'PLASTERS IN TIN WOODLAND ANIMALS', 'POSTAGE'})",frozenset({'RED TOADSTOOL LED NIGHT LIGHT'}),0.1377551020408163,0.18112244897959184,0.05357142857142857,0.3888888888888889,2.1471048513302033,0.028620887130362347,1.3399814471243041
frozenset({'ROUND SNACK BOXES SET OF4 WOODLAND'}),"frozenset({'ROUND SNACK BOXES SET OF 4 FRUITS', 'POSTAGE'})",0.15816326530612246,0.09438775510204081,0.058673469387755105,0.3709677419354839,3.93025283347864,0.04374479383590171,1.4396912611198327
frozenset({'RED RETROSPOT MINI CASES'}),frozenset({'LUNCH BOX WITH CUTLERY RETROSPOT'}),0.1377551020408163,0.14285714285714285,0.05102040816326531,0.3703703703703704,2.592592592592593,0.03134110787172012,1.3613445378151263
frozenset({'RED RETROSPOT MINI CASES'}),frozenset({'ROUND SNACK BOXES SET OF4 WOODLAND'}),0.1377551020408163,0.15816326530612246,0.05102040816326531,0.3703703703703704,2.3416965352449224,0.029232611411911705,1.3370348139255703
frozenset({'RED RETROSPOT MINI CASES'}),frozenset({'PLASTERS IN TIN CIRCUS PARADE'}),0.1377551020408163,0.1683673469387755,0.05102040816326531,0.3703703703703704,2.1997755331088666,0.027826947105372767,1.320828331332533
frozenset({'LUNCH BAG RED RETROSPOT'}),frozenset({'LUNCH BAG WOODLAND'}),0.15306122448979592,0.11734693877551021,0.05612244897959184,0.36666666666666664,3.12463768115942,0.03816118284048313,1.3936627282491945
"frozenset({'POSTAGE', 'PLASTERS IN TIN CIRCUS PARADE'})","frozenset({'PLASTERS IN TIN SPACEBOY', 'PLASTERS IN TIN WOODLAND ANIMALS'})",0.14795918367346939,0.10459183673469388,0.05357142857142857,0.3620689655172414,3.4617325483599664,0.03809610578925447,1.4036127964699392
frozenset({'LUNCH BOX WITH CUTLERY RETROSPOT'}),frozenset({'RED RETROSPOT MINI CASES'}),0.14285714285714285,0.1377551020408163,0.05102040816326531,0.35714285714285715,2.592592592592593,0.03134110787172012,1.3412698412698414
frozenset({'LUNCH BOX WITH CUTLERY RETROSPOT'}),frozenset({'LUNCH BAG RED RETROSPOT'}),0.14285714285714285,0.15306122448979592,0.05102040816326531,0.35714285714285715,2.3333333333333335,0.02915451895043732,1.3174603174603174
frozenset({'LUNCH BAG RED RETROSPOT'}),"frozenset({'LUNCH BAG SPACEBOY DESIGN', 'POSTAGE'})",0.15306122448979592,0.09183673469387756,0.05357142857142857,0.35,3.8111111111111104,0.039514785506039145,1.3971742543171115
frozenset({'LUNCH BAG RED RETROSPOT'}),frozenset({'SPACEBOY LUNCH BOX'}),0.15306122448979592,0.125,0.05357142857142857,0.35,2.8,0.03443877551020408,1.346153846153846
frozenset({'PLASTERS IN TIN CIRCUS PARADE'}),frozenset({'PLASTERS IN TIN STRONGMAN'}),0.1683673469387755,0.08163265306122448,0.058673469387755105,0.3484848484848485,4.2689393939393945,0.04492919616826323,1.4095870906502137
"frozenset({'POSTAGE', 'PLASTERS IN TIN CIRCUS PARADE'})",frozenset({'RED TOADSTOOL LED NIGHT LIGHT'}),0.14795918367346939,0.18112244897959184,0.05102040816326531,0.3448275862068966,1.9038368139873725,0.02422167846730529,1.2498657357679914
frozenset({'ROUND SNACK BOXES SET OF4 WOODLAND'}),frozenset({'PLASTERS IN TIN CIRCUS PARADE'}),0.15816326530612246,0.1683673469387755,0.05357142857142857,0.3387096774193548,2.0117302052785924,0.026941899208663054,1.2575908412145345
"frozenset({'RED TOADSTOOL LED NIGHT LIGHT', 'POSTAGE'})",frozenset({'PLASTERS IN TIN WOODLAND ANIMALS'}),0.15816326530612246,0.17091836734693877,0.05357142857142857,0.3387096774193548,1.9817043813192103,0.026538421491045395,1.2537332005973119
frozenset({'LUNCH BAG RED RETROSPOT'}),"frozenset({'LUNCH BAG WOODLAND', 'POSTAGE'})",0.15306122448979592,0.10204081632653061,0.05102040816326531,0.3333333333333333,3.2666666666666666,0.03540191586838817,1.346938775510204
frozenset({'LUNCH BAG RED RETROSPOT'}),frozenset({'LUNCH BOX WITH CUTLERY RETROSPOT'}),0.15306122448979592,0.14285714285714285,0.05102040816326531,0.3333333333333333,2.3333333333333335,0.02915451895043732,1.2857142857142856
frozenset({'ROUND SNACK BOXES SET OF4 WOODLAND'}),frozenset({'ALARM CLOCK BAKELIKE RED'}),0.15816326530612246,0.09438775510204081,0.05102040816326531,0.3225806451612903,3.4176111595466434,0.036091732611411916,1.3368561710398443
frozenset({'ROUND SNACK BOXES SET OF4 WOODLAND'}),frozenset({'RED RETROSPOT MINI CASES'}),0.15816326530612246,0.1377551020408163,0.05102040816326531,0.3225806451612903,2.3416965352449224,0.029232611411911705,1.2728377065111758
"frozenset({'RED TOADSTOOL LED NIGHT LIGHT', 'POSTAGE'})",frozenset({'PLASTERS IN TIN CIRCUS PARADE'}),0.15816326530612246,0.1683673469387755,0.05102040816326531,0.3225806451612903,1.9159335288367547,0.024390878800499793,1.227648202137998
frozenset({'PLASTERS IN TIN CIRCUS PARADE'}),"frozenset({'PLASTERS IN TIN SPACEBOY', 'PLASTERS IN TIN WOODLAND ANIMALS', 'POSTAGE'})",0.1683673469387755,0.08418367346938775,0.05357142857142857,0.3181818181818182,3.7796143250688705,0.03939764681382757,1.3431972789115645
frozenset({'PLASTERS IN TIN CIRCUS PARADE'}),frozenset({'ROUND SNACK BOXES SET OF4 WOODLAND'}),0.1683673469387755,0.15816326530612246,0.05357142857142857,0.3181818181818182,2.0117302052785924,0.026941899208663054,1.2346938775510203
frozenset({'PLASTERS IN TIN WOODLAND ANIMALS'}),"frozenset({'POSTAGE', 'PLASTERS IN TIN SPACEBOY', 'PLASTERS IN TIN CIRCUS PARADE'})",0.17091836734693877,0.07397959183673469,0.05357142857142857,0.31343283582089554,4.236747297992795,0.04092695751770095,1.3487688553682342
frozenset({'PLASTERS IN TIN WOODLAND ANIMALS'}),"frozenset({'RED TOADSTOOL LED NIGHT LIGHT', 'POSTAGE'})",0.17091836734693877,0.15816326530612246,0.05357142857142857,0.31343283582089554,1.9817043813192103,0.026538421491045395,1.226153504880213
frozenset({'PLASTERS IN TIN WOODLAND ANIMALS'}),frozenset({'RED TOADSTOOL LED NIGHT LIGHT'}),0.17091836734693877,0.18112244897959184,0.05357142857142857,0.31343283582089554,1.7305024174900148,0.022614275301957514,1.1927129547471162
frozenset({'PLASTERS IN TIN CIRCUS PARADE'}),frozenset({'RED RETROSPOT MINI CASES'}),0.1683673469387755,0.1377551020408163,0.05102040816326531,0.30303030303030304,2.1997755331088666,0.027826947105372767,1.237133984028394
frozenset({'PLASTERS IN TIN CIRCUS PARADE'}),"frozenset({'RED TOADSTOOL LED NIGHT LIGHT', 'POSTAGE'})",0.1683673469387755,0.15816326530612246,0.05102040816326531,0.30303030303030304,1.9159335288367545,0.024390878800499793,1.2078527062999111
frozenset({'PLASTERS IN TIN CIRCUS PARADE'}),frozenset({'RED TOADSTOOL LED NIGHT LIGHT'}),0.1683673469387755,0.18112244897959184,0.05102040816326531,0.30303030303030304,1.6730687153222363,0.020525301957517703,1.1749112688553682
frozenset({'RED TOADSTOOL LED NIGHT LIGHT'}),"frozenset({'PLASTERS IN TIN WOODLAND ANIMALS', 'POSTAGE'})",0.18112244897959184,0.1377551020408163,0.05357142857142857,0.29577464788732394,2.147104851330204,0.028620887130362347,1.224387755102041
frozenset({'RED TOADSTOOL LED NIGHT LIGHT'}),frozenset({'PLASTERS IN TIN WOODLAND ANIMALS'}),0.18112244897959184,0.17091836734693877,0.05357142857142857,0.29577464788732394,1.7305024174900148,0.022614275301957514,1.177295918367347
frozenset({'RED TOADSTOOL LED NIGHT LIGHT'}),frozenset({'RABBIT NIGHT LIGHT'}),0.18112244897959184,0.18877551020408162,0.05357142857142857,0.29577464788732394,1.5668062428625809,0.019379945855893373,1.1519387755102042
frozenset({'RABBIT NIGHT LIGHT'}),frozenset({'RED TOADSTOOL LED NIGHT LIGHT'}),0.18877551020408162,0.18112244897959184,0.05357142857142857,0.28378378378378377,1.5668062428625809,0.019379945855893373,1.1433384674624567
frozenset({'RED TOADSTOOL LED NIGHT LIGHT'}),"frozenset({'POSTAGE', 'PLASTERS IN TIN CIRCUS PARADE'})",0.18112244897959184,0.14795918367346939,0.05102040816326531,0.28169014084507044,1.9038368139873727,0.02422167846730529,1.1861744697879153
frozenset({'RED TOADSTOOL LED NIGHT LIGHT'}),frozenset({'PLASTERS IN TIN CIRCUS PARADE'}),0.18112244897959184,0.1683673469387755,0.05102040816326531,0.28169014084507044,1.6730687153222366,0.020525301957517703,1.157763105242097
frozenset({'POSTAGE'}),frozenset({'RABBIT NIGHT LIGHT'}),0.7653061224489796,0.18877551020408162,0.16581632653061223,0.21666666666666667,1.1477477477477478,0.02134527280299875,1.0356057316543639
frozenset({'POSTAGE'}),frozenset({'RED TOADSTOOL LED NIGHT LIGHT'}),0.7653061224489796,0.18112244897959184,0.15816326530612246,0.2066666666666667,1.1410328638497653,0.0195491461890879,1.0321985937232037
frozenset({'POSTAGE'}),frozenset({'ROUND SNACK BOXES SET OF4 WOODLAND'}),0.7653061224489796,0.15816326530612246,0.14795918367346939,0.19333333333333333,1.2223655913978493,0.026915868388171588,1.0435992578849722
frozenset({'POSTAGE'}),frozenset({'PLASTERS IN TIN CIRCUS PARADE'}),0.7653061224489796,0.1683673469387755,0.14795918367346939,0.19333333333333333,1.1482828282828283,0.019106622240733034,1.0309495699106088
frozenset({'POSTAGE'}),frozenset({'PLASTERS IN TIN WOODLAND ANIMALS'}),0.7653061224489796,0.17091836734693877,0.1377551020408163,0.18,1.0531343283582089,0.00695022907122031,1.0110751617720257
frozenset({'POSTAGE'}),frozenset({'LUNCH BAG RED RETROSPOT'}),0.7653061224489796,0.15306122448979592,0.12244897959183673,0.16,1.0453333333333332,0.0053102873802582246,1.0082604470359573
frozenset({'POSTAGE'}),frozenset({'SET/6 RED SPOTTY PAPER CUPS'}),0.7653061224489796,0.1377551020408163,0.11734693877551021,0.15333333333333335,1.1130864197530868,0.011922115785089574,1.0183994857785634
frozenset({'POSTAGE'}),frozenset({'STRAWBERRY LUNCH BOX WITH CUTLERY'}),0.7653061224489796,0.12244897959183673,0.11479591836734694,0.15000000000000002,1.2250000000000003,0.021084964598084135,1.0324129651860745
frozenset({'POSTAGE'}),frozenset({'PLASTERS IN TIN SPACEBOY'}),0.7653061224489796,0.1377551020408163,0.11479591836734694,0.15000000000000002,1.0888888888888892,0.009371095376926306,1.014405762304922
frozenset({'POSTAGE'}),frozenset({'RED RETROSPOT MINI CASES'}),0.7653061224489796,0.1377551020408163,0.11479591836734694,0.15000000000000002,1.0888888888888892,0.009371095376926306,1.014405762304922
frozenset({'POSTAGE'}),frozenset({'LUNCH BOX WITH CUTLERY RETROSPOT'}),0.7653061224489796,0.14285714285714285,0.11479591836734694,0.15000000000000002,1.0500000000000003,0.005466472303207015,1.008403361344538
frozenset({'POSTAGE'}),frozenset({'SET/20 RED RETROSPOT PAPER NAPKINS'}),0.7653061224489796,0.1326530612244898,0.1096938775510204,0.14333333333333334,1.0805128205128205,0.008173677634319032,1.0124672437068212
frozenset({'POSTAGE'}),frozenset({'SET/6 RED SPOTTY PAPER PLATES'}),0.7653061224489796,0.12755102040816327,0.10714285714285714,0.13999999999999999,1.0976,0.009527280299875054,1.0144755576649265
frozenset({'POSTAGE'}),frozenset({'LUNCH BAG APPLE DESIGN'}),0.7653061224489796,0.125,0.10459183673469388,0.1366666666666667,1.0933333333333335,0.008928571428571438,1.0135135135135136
frozenset({'POSTAGE'}),frozenset({'REGENCY CAKESTAND 3 TIER'}),0.7653061224489796,0.125,0.10459183673469388,0.1366666666666667,1.0933333333333335,0.008928571428571438,1.0135135135135136
frozenset({'POSTAGE'}),frozenset({'LUNCH BAG WOODLAND'}),0.7653061224489796,0.11734693877551021,0.10204081632653061,0.13333333333333333,1.136231884057971,0.012234485630987085,1.0184458398744114
frozenset({'POSTAGE'}),"frozenset({'SET/6 RED SPOTTY PAPER PLATES', 'SET/6 RED SPOTTY PAPER CUPS'})",0.7653061224489796,0.12244897959183673,0.10204081632653061,0.13333333333333333,1.0888888888888888,0.008329862557267809,1.0125588697017267
frozenset({'POSTAGE'}),frozenset({'SPACEBOY LUNCH BOX'}),0.7653061224489796,0.125,0.09693877551020408,0.12666666666666668,1.0133333333333334,0.001275510204081634,1.001908396946565
frozenset({'POSTAGE'}),frozenset({'ROUND SNACK BOXES SET OF 4 FRUITS'}),0.7653061224489796,0.10714285714285714,0.09438775510204081,0.12333333333333334,1.1511111111111112,0.012390670553935862,1.0184682237914178
frozenset({'POSTAGE'}),frozenset({'LUNCH BAG SPACEBOY DESIGN'}),0.7653061224489796,0.11989795918367346,0.09183673469387756,0.12000000000000001,1.0008510638297874,7.809246147440219e-05,1.0001159554730983
frozenset({'POSTAGE'}),frozenset({'TEA PARTY BIRTHDAY CARD'}),0.7653061224489796,0.09438775510204081,0.08928571428571429,0.11666666666666667,1.236036036036036,0.017050187421907545,1.0252214093184444
frozenset({'POSTAGE'}),frozenset({'ALARM CLOCK BAKELIKE PINK'}),0.7653061224489796,0.10204081632653061,0.08928571428571429,0.11666666666666667,1.1433333333333333,0.011193252811328616,1.0165575664227955
frozenset({'POSTAGE'}),frozenset({'ALARM CLOCK BAKELIKE RED'}),0.7653061224489796,0.09438775510204081,0.08673469387755102,0.11333333333333334,1.200720720720721,0.014499167013744277,1.021367193493939
frozenset({'POSTAGE'}),frozenset({'ALARM CLOCK BAKELIKE GREEN'}),0.7653061224489796,0.09693877551020408,0.08418367346938775,0.11,1.1347368421052633,0.00999583506872137,1.0146755331346022
frozenset({'POSTAGE'}),frozenset({'PACK OF 72 RETROSPOT CAKE CASES'}),0.7653061224489796,0.10204081632653061,0.08418367346938775,0.11,1.078,0.00609121199500208,1.008942903003898
frozenset({'POSTAGE'}),"frozenset({'PLASTERS IN TIN WOODLAND ANIMALS', 'PLASTERS IN TIN CIRCUS PARADE'})",0.7653061224489796,0.10204081632653061,0.08418367346938775,0.11,1.078,0.00609121199500208,1.008942903003898
frozenset({'POSTAGE'}),"frozenset({'SET/20 RED RETROSPOT PAPER NAPKINS', 'SET/6 RED SPOTTY PAPER CUPS'})",0.7653061224489796,0.10204081632653061,0.08418367346938775,0.11,1.078,0.00609121199500208,1.008942903003898
frozenset({'POSTAGE'}),"frozenset({'SET/20 RED RETROSPOT PAPER NAPKINS', 'SET/6 RED SPOTTY PAPER PLATES'})",0.7653061224489796,0.10204081632653061,0.08418367346938775,0.11,1.078,0.00609121199500208,1.008942903003898
frozenset({'POSTAGE'}),"frozenset({'PLASTERS IN TIN SPACEBOY', 'PLASTERS IN TIN WOODLAND ANIMALS'})",0.7653061224489796,0.10459183673469388,0.08418367346938775,0.11,1.0517073170731708,0.0041389004581424416,1.0060765879385463
frozenset({'POSTAGE'}),frozenset({'JUMBO BAG RED RETROSPOT'}),0.7653061224489796,0.09693877551020408,0.08163265306122448,0.10666666666666666,1.1003508771929824,0.007444814660558102,1.0108894303990255
frozenset({'POSTAGE'}),frozenset({'RED RETROSPOT CHARLOTTE BAG'}),0.7653061224489796,0.09693877551020408,0.08163265306122448,0.10666666666666666,1.1003508771929824,0.007444814660558102,1.0108894303990255
frozenset({'POSTAGE'}),"frozenset({'SET/20 RED RETROSPOT PAPER NAPKINS', 'SET/6 RED SPOTTY PAPER PLATES', 'SET/6 RED SPOTTY PAPER CUPS'})",0.7653061224489796,0.09948979591836735,0.08163265306122448,0.10666666666666666,1.072136752136752,0.00549250312369845,1.008033810539141
frozenset({'POSTAGE'}),frozenset({'MINI PAINT SET VINTAGE'}),0.7653061224489796,0.10459183673469388,0.08163265306122448,0.10666666666666666,1.0198373983739837,0.0015878800499791734,1.0023225708193726
frozenset({'POSTAGE'}),frozenset({'JUMBO BAG WOODLAND ANIMALS'}),0.7653061224489796,0.07653061224489796,0.07653061224489796,0.1,1.3066666666666666,0.017961266139108707,1.0260770975056688
frozenset({'POSTAGE'}),"frozenset({'PLASTERS IN TIN SPACEBOY', 'PLASTERS IN TIN CIRCUS PARADE'})",0.7653061224489796,0.08928571428571429,0.07397959183673469,0.09666666666666666,1.0826666666666667,0.005648688046647227,1.0081707959936743
frozenset({'POSTAGE'}),"frozenset({'ALARM CLOCK BAKELIKE RED', 'ALARM CLOCK BAKELIKE GREEN'})",0.7653061224489796,0.07908163265306123,0.07142857142857142,0.09333333333333334,1.1802150537634408,0.010906913785922526,1.015718787515006
frozenset({'POSTAGE'}),frozenset({'PAPER BUNTING RETROSPOT'}),0.7653061224489796,0.08163265306122448,0.07142857142857142,0.09333333333333334,1.1433333333333335,0.008954602249062894,1.012905162064826
frozenset({'POSTAGE'}),frozenset({'RED RETROSPOT PICNIC BAG'}),0.7653061224489796,0.07142857142857142,0.06887755102040816,0.09,1.26,0.014212827988338193,1.0204081632653061
frozenset({'POSTAGE'}),frozenset({'WOODLAND CHARLOTTE BAG'}),0.7653061224489796,0.07397959183673469,0.0663265306122449,0.08666666666666668,1.1714942528735635,0.009709496043315294,1.013890957842991
frozenset({'POSTAGE'}),"frozenset({'ALARM CLOCK BAKELIKE RED', 'ALARM CLOCK BAKELIKE PINK'})",0.7653061224489796,0.07397959183673469,0.0663265306122449,0.08666666666666668,1.1714942528735635,0.009709496043315294,1.013890957842991
frozenset({'POSTAGE'}),frozenset({'SET OF 9 BLACK SKULL BALLOONS'}),0.7653061224489796,0.0663265306122449,0.06377551020408163,0.08333333333333334,1.2564102564102564,0.013015410245730948,1.018552875695733
frozenset({'POSTAGE'}),frozenset({'ASSORTED COLOUR MINI CASES'}),0.7653061224489796,0.06887755102040816,0.06377551020408163,0.08333333333333334,1.2098765432098768,0.011063098708871316,1.015769944341373
frozenset({'POSTAGE'}),frozenset({'SET OF 2 TEA TOWELS APPLE AND PEARS'}),0.7653061224489796,0.06887755102040816,0.06377551020408163,0.08333333333333334,1.2098765432098768,0.011063098708871316,1.015769944341373
frozenset({'POSTAGE'}),frozenset({'SET/10 RED POLKADOT PARTY CANDLES'}),0.7653061224489796,0.07653061224489796,0.06377551020408163,0.08333333333333334,1.088888888888889,0.00520616409829238,1.007421150278293
frozenset({'POSTAGE'}),frozenset({'PLASTERS IN TIN STRONGMAN'}),0.7653061224489796,0.08163265306122448,0.06377551020408163,0.08333333333333334,1.0208333333333335,0.0013015410245731038,1.0018552875695734
frozenset({'POSTAGE'}),frozenset({'PACK OF 6 SKULL PAPER CUPS'}),0.7653061224489796,0.06377551020408163,0.061224489795918366,0.08,1.2544,0.012416701374427325,1.0176353149955633
frozenset({'POSTAGE'}),"frozenset({'LUNCH BAG RED RETROSPOT', 'LUNCH BAG APPLE DESIGN'})",0.7653061224489796,0.0663265306122449,0.061224489795918366,0.08,1.2061538461538461,0.01046438983756768,1.0148624667258206
frozenset({'POSTAGE'}),frozenset({'COFFEE MUG APPLES DESIGN'}),0.7653061224489796,0.06887755102040816,0.061224489795918366,0.08,1.1614814814814816,0.008512078300708048,1.0120896184560781
frozenset({'POSTAGE'}),"frozenset({'ALARM CLOCK BAKELIKE PINK', 'ALARM CLOCK BAKELIKE GREEN'})",0.7653061224489796,0.07397959183673469,0.061224489795918366,0.08,1.0813793103448277,0.0046074552269887575,1.0065439219165926
frozenset({'POSTAGE'}),frozenset({'RETROSPOT PARTY BAG + STICKER SET'}),0.7653061224489796,0.061224489795918366,0.058673469387755105,0.07666666666666667,1.2522222222222223,0.011817992503123702,1.016724379282399
frozenset({'POSTAGE'}),"frozenset({'STRAWBERRY LUNCH BOX WITH CUTLERY', 'LUNCH BOX WITH CUTLERY RETROSPOT'})",0.7653061224489796,0.06377551020408163,0.058673469387755105,0.07666666666666667,1.2021333333333335,0.009865680966264063,1.0139615412952183
frozenset({'POSTAGE'}),"frozenset({'ROUND SNACK BOXES SET OF 4 FRUITS', 'ROUND SNACK BOXES SET OF4 WOODLAND'})",0.7653061224489796,0.06377551020408163,0.058673469387755105,0.07666666666666667,1.2021333333333335,0.009865680966264063,1.0139615412952183
frozenset({'POSTAGE'}),frozenset({'CHARLOTTE BAG DOLLY GIRL DESIGN'}),0.7653061224489796,0.0663265306122449,0.058673469387755105,0.07666666666666667,1.1558974358974359,0.007913369429404418,1.011198703308038
frozenset({'POSTAGE'}),frozenset({'JUMBO BAG APPLES'}),0.7653061224489796,0.0663265306122449,0.058673469387755105,0.07666666666666667,1.1558974358974359,0.007913369429404418,1.011198703308038
frozenset({'POSTAGE'}),frozenset({'GUMBALL COAT RACK'}),0.7653061224489796,0.058673469387755105,0.05612244897959184,0.07333333333333333,1.249855072463768,0.011219283631820072,1.0158199970635737
frozenset({'POSTAGE'}),frozenset({'JUMBO BAG SPACEBOY DESIGN'}),0.7653061224489796,0.06377551020408163,0.05612244897959184,0.07333333333333333,1.1498666666666666,0.007314660558100795,1.0103141976214947
frozenset({'POSTAGE'}),"frozenset({'ALARM CLOCK BAKELIKE RED', 'ALARM CLOCK BAKELIKE PINK', 'ALARM CLOCK BAKELIKE GREEN'})",0.7653061224489796,0.06377551020408163,0.05612244897959184,0.07333333333333333,1.1498666666666666,0.007314660558100795,1.0103141976214947
frozenset({'POSTAGE'}),frozenset({'SET OF 9 HEART SHAPED BALLOONS'}),0.7653061224489796,0.0663265306122449,0.05612244897959184,0.07333333333333333,1.1056410256410256,0.00536234902124115,1.0075612979004551
frozenset({'POSTAGE'}),frozenset({'4 TRADITIONAL SPINNING TOPS'}),0.7653061224489796,0.07142857142857142,0.05612244897959184,0.07333333333333333,1.0266666666666668,0.0014577259475218735,1.0020554984583763
frozenset({'POSTAGE'}),frozenset({'SPACEBOY BIRTHDAY CARD'}),0.7653061224489796,0.07142857142857142,0.05612244897959184,0.07333333333333333,1.0266666666666668,0.0014577259475218735,1.0020554984583763
frozenset({'POSTAGE'}),"frozenset({'RED TOADSTOOL LED NIGHT LIGHT', 'PLASTERS IN TIN WOODLAND ANIMALS'})",0.7653061224489796,0.05357142857142857,0.05357142857142857,0.06999999999999999,1.3066666666666666,0.012572886297376094,1.0176651305683564
frozenset({'POSTAGE'}),frozenset({'PACK OF 6 SKULL PAPER PLATES'}),0.7653061224489796,0.05612244897959184,0.05357142857142857,0.06999999999999999,1.247272727272727,0.010620574760516449,1.0149220978714066
frozenset({'POSTAGE'}),"frozenset({'LUNCH BAG SPACEBOY DESIGN', 'LUNCH BAG WOODLAND'})",0.7653061224489796,0.06377551020408163,0.05357142857142857,0.06999999999999999,1.0976,0.004763640149937527,1.0066929997805574
frozenset({'POSTAGE'}),frozenset({'CHILDRENS APRON SPACEBOY DESIGN'}),0.7653061224489796,0.0663265306122449,0.05357142857142857,0.06999999999999999,1.0553846153846151,0.002811328613077882,1.0039499670836076
frozenset({'POSTAGE'}),"frozenset({'LUNCH BAG SPACEBOY DESIGN', 'LUNCH BAG RED RETROSPOT'})",0.7653061224489796,0.0663265306122449,0.05357142857142857,0.06999999999999999,1.0553846153846151,0.002811328613077882,1.0039499670836076
frozenset({'POSTAGE'}),frozenset({'CHARLOTTE BAG APPLES DESIGN'}),0.7653061224489796,0.06887755102040816,0.05357142857142857,0.06999999999999999,1.0162962962962963,0.0008590170762182506,1.0012069343866579
frozenset({'POSTAGE'}),frozenset({'CIRCUS PARADE LUNCH BOX'}),0.7653061224489796,0.06887755102040816,0.05357142857142857,0.06999999999999999,1.0162962962962963,0.0008590170762182506,1.0012069343866579
frozenset({'POSTAGE'}),frozenset({'LUNCH BOX I LOVE LONDON'}),0.7653061224489796,0.06887755102040816,0.05357142857142857,0.06999999999999999,1.0162962962962963,0.0008590170762182506,1.0012069343866579
frozenset({'POSTAGE'}),"frozenset({'PLASTERS IN TIN SPACEBOY', 'PLASTERS IN TIN WOODLAND ANIMALS', 'PLASTERS IN TIN CIRCUS PARADE'})",0.7653061224489796,0.06887755102040816,0.05357142857142857,0.06999999999999999,1.0162962962962963,0.0008590170762182506,1.0012069343866579
frozenset({'POSTAGE'}),"frozenset({'RED TOADSTOOL LED NIGHT LIGHT', 'PLASTERS IN TIN CIRCUS PARADE'})",0.7653061224489796,0.05102040816326531,0.05102040816326531,0.06666666666666667,1.3066666666666666,0.011974177426072471,1.0167638483965016
frozenset({'POSTAGE'}),frozenset({'JAM MAKING SET PRINTED'}),0.7653061224489796,0.05357142857142857,0.05102040816326531,0.06666666666666667,1.2444444444444445,0.010021865889212833,1.0140306122448979
frozenset({'POSTAGE'}),frozenset({'CIRCUS PARADE CHILDRENS EGG CUP'}),0.7653061224489796,0.05612244897959184,0.05102040816326531,0.06666666666666667,1.1878787878787878,0.008069554352353188,1.0112973760932944
frozenset({'POSTAGE'}),frozenset({'PARTY BUNTING'}),0.7653061224489796,0.05612244897959184,0.05102040816326531,0.06666666666666667,1.1878787878787878,0.008069554352353188,1.0112973760932944
frozenset({'POSTAGE'}),"frozenset({'LUNCH BAG RED RETROSPOT', 'LUNCH BAG WOODLAND'})",0.7653061224489796,0.05612244897959184,0.05102040816326531,0.06666666666666667,1.1878787878787878,0.008069554352353188,1.0112973760932944
frozenset({'POSTAGE'}),"frozenset({'LUNCH BAG SPACEBOY DESIGN', 'LUNCH BAG APPLE DESIGN'})",0.7653061224489796,0.06377551020408163,0.05102040816326531,0.06666666666666667,1.0453333333333332,0.002212619741774266,1.003097667638484
